Workbook

Sheet MAIN
A4: Rotterdam Singapore | C4: VLCC | F4: SUEZMAX | J4: AFRAMAX
B5: VS Barges | C5: =IF(DAY(C$6)<15,"1H-"&VLOOKUP(MONTH(C$6),Mapping!$A$1:$B$12,2,0),"2H-"&VLOOKUP(MONTH(C$6),Mapping!$A$1:$B$12,2,0)) -> 2H-OCT | D5: =IF(DAY(D$6)<15,"1H-"&VLOOKUP(MONTH(D$6),Mapping!$A$1:$B$12,2,0),"2H-"&VLOOKUP(MONTH(D$6),Mapping!$A$1:$B$12,2,0)) -> 1H-NOV | F5: =IF(DAY(F$6)<15,"1H-"&VLOOKUP(MONTH(F$6),Mapping!$A$1:$B$12,2,0),"2H-"&VLOOKUP(MONTH(F$6),Mapping!$A$1:$B$12,2,0)) -> 2H-SEP | G5: =IF(DAY(G$6)<15,"1H-"&VLOOKUP(MONTH(G$6),Mapping!$A$1:$B$12,2,0),"2H-"&VLOOKUP(MONTH(G$6),Mapping!$A$1:$B$12,2,0)) -> 1H-OCT | H5: =IF(DAY(H$6)<15,"1H-"&VLOOKUP(MONTH(H$6),Mapping!$A$1:$B$12,2,0),"2H-"&VLOOKUP(MONTH(H$6),Mapping!$A$1:$B$12,2,0)) -> 2H-OCT | J5: =IF(DAY(J$6)<15,"1H-"&VLOOKUP(MONTH(J$6),Mapping!$A$1:$B$12,2,0),"2H-"&VLOOKUP(MONTH(J$6),Mapping!$A$1:$B$12,2,0)) -> 2H-SEP | K5: =IF(DAY(K$6)<15,"1H-"&VLOOKUP(MONTH(K$6),Mapping!$A$1:$B$12,2,0),"2H-"&VLOOKUP(MONTH(K$6),Mapping!$A$1:$B$12,2,0)) -> 1H-OCT | L5: =IF(DAY(L$6)<15,"1H-"&VLOOKUP(MONTH(L$6),Mapping!$A$1:$B$12,2,0),"2H-"&VLOOKUP(MONTH(L$6),Mapping!$A$1:$B$12,2,0)) -> 2H-OCT
B6: VS Barges | C6: ='ROTT TO SING'!E26 -> 45955 | D6: ='ROTT TO SING'!G26 -> 45969 | F6: ='ROTT TO SING'!N26 -> 45930 | G6: ='ROTT TO SING'!P26 -> 45944 | H6: ='ROTT TO SING'!R26 -> 45958 | J6: ='ROTT TO SING'!Y26 -> 45930 | K6: ='ROTT TO SING'!AA26 -> 45944 | L6: ='ROTT TO SING'!AC26 -> 45958
A7: RMG | C7: =C27+C8-C9 -> -22.456935 | D7: =D27+D8-D9 -> -22.181283 | F7: =F27+F8-F9 -> -36.773688 | G7: =G27+G8-G9 -> -36.647188 | H7: =H27+H8-H9 -> -36.485471 | J7: =J27+J8-J9 -> -49.545932 | K7: =K27+K8-K9 -> -49.419432 | L7: =L27+L8-L9 -> -49.257716
B8: Sale Premium | C8: =INDEX(Premium!$A$2:$D$12,MATCH(MAIN!$A7,Premium!$A$2:$A$12,0),MATCH(EOMONTH(MAIN!C6,-1)+1,Premium!$A$2:$D$2,0)) -> -1.5 | D8: =INDEX(Premium!$A$2:$D$12,MATCH(MAIN!$A7,Premium!$A$2:$A$12,0),MATCH(EOMONTH(MAIN!D6,-1)+1,Premium!$A$2:$D$2,0)) -> -1.5 | E8: Sale premium | F8: =INDEX(Premium!$A$2:$D$12,MATCH(MAIN!$A7,Premium!$A$2:$A$12,0),MATCH(EOMONTH(MAIN!F6,-1)+1,Premium!$A$2:$D$2,0)) -> -1.5 | G8: =INDEX(Premium!$A$2:$D$12,MATCH(MAIN!$A7,Premium!$A$2:$A$12,0),MATCH(EOMONTH(MAIN!G6,-1)+1,Premium!$A$2:$D$2,0)) -> -1.5 | H8: =INDEX(Premium!$A$2:$D$12,MATCH(MAIN!$A7,Premium!$A$2:$A$12,0),MATCH(EOMONTH(MAIN!H6,-1)+1,Premium!$A$2:$D$2,0)) -> -1.5 | I8: Sale premium | J8: =INDEX(Premium!$A$2:$D$12,MATCH(MAIN!$A7,Premium!$A$2:$A$12,0),MATCH(EOMONTH(MAIN!J6,-1)+1,Premium!$A$2:$D$2,0)) -> -1.5 | K8: =INDEX(Premium!$A$2:$D$12,MATCH(MAIN!$A7,Premium!$A$2:$A$12,0),MATCH(EOMONTH(MAIN!K6,-1)+1,Premium!$A$2:$D$2,0)) -> -1.5 | L8: =INDEX(Premium!$A$2:$D$12,MATCH(MAIN!$A7,Premium!$A$2:$A$12,0),MATCH(EOMONTH(MAIN!L6,-1)+1,Premium!$A$2:$D$2,0)) -> -1.5
B9: Purchase Premium | C9: =INDEX(Premium!$A$21:$D$29,MATCH(MAIN!$A7,Premium!$A$21:$A$29,0),MATCH(EOMONTH(MAIN!C28,-1)+1,Premium!$A$21:$D$21,0)) -> 3 | D9: =INDEX(Premium!$A$21:$D$29,MATCH(MAIN!$A7,Premium!$A$21:$A$29,0),MATCH(EOMONTH(MAIN!D28,-1)+1,Premium!$A$21:$D$21,0)) -> 3 | E9: Purchase Prem VS Barges | F9: =INDEX(Premium!$A$21:$D$29,MATCH(MAIN!$A7,Premium!$A$21:$A$29,0),MATCH(EOMONTH(MAIN!F28,-1)+1,Premium!$A$21:$D$21,0)) -> 3 | G9: =INDEX(Premium!$A$21:$D$29,MATCH(MAIN!$A7,Premium!$A$21:$A$29,0),MATCH(EOMONTH(MAIN!G28,-1)+1,Premium!$A$21:$D$21,0)) -> 3 | H9: =INDEX(Premium!$A$21:$D$29,MATCH(MAIN!$A7,Premium!$A$21:$A$29,0),MATCH(EOMONTH(MAIN!H28,-1)+1,Premium!$A$21:$D$21,0)) -> 3 | I9: Purchase Prem VS Barges | J9: =INDEX(Premium!$A$21:$D$29,MATCH(MAIN!$A7,Premium!$A$21:$A$29,0),MATCH(EOMONTH(MAIN!J28,-1)+1,Premium!$A$21:$D$21,0)) -> 3 | K9: =INDEX(Premium!$A$21:$D$29,MATCH(MAIN!$A7,Premium!$A$21:$A$29,0),MATCH(EOMONTH(MAIN!K28,-1)+1,Premium!$A$21:$D$21,0)) -> 3 | L9: =INDEX(Premium!$A$21:$D$29,MATCH(MAIN!$A7,Premium!$A$21:$A$29,0),MATCH(EOMONTH(MAIN!L28,-1)+1,Premium!$A$21:$D$21,0)) -> 3
B10: Freight | C10: =INDEX('ROTT TO SING'!$A$8:$H$25,MATCH(MAIN!B10,'ROTT TO SING'!$A$8:$A$25,0),5) -> 20.740741 | D10: =INDEX('ROTT TO SING'!$A$8:$H$25,MATCH(MAIN!B10,'ROTT TO SING'!$A$8:$A$25,0),7) -> 20.740741 | E10: Freight | F10: =INDEX('ROTT TO SING'!$J$8:$S$25,MATCH(MAIN!E10,'ROTT TO SING'!$J$8:$J$25,0),5) -> 34 | G10: =INDEX('ROTT TO SING'!$J$8:$S$25,MATCH(MAIN!E10,'ROTT TO SING'!$J$8:$J$25,0),7) -> 34 | H10: =INDEX('ROTT TO SING'!$J$8:$S$25,MATCH(MAIN!E10,'ROTT TO SING'!$J$8:$J$25,0),9) -> 34 | I10: Freight | J10: =INDEX('ROTT TO SING'!$U$8:$AD$25,MATCH(MAIN!I10,'ROTT TO AG'!$L$6:$L$23,0),5) -> 46.938776 | K10: =INDEX('ROTT TO SING'!$U$8:$AD$25,MATCH(MAIN!I10,'ROTT TO AG'!$L$6:$L$23,0),7) -> 46.938776 | L10: =INDEX('ROTT TO SING'!$U$8:$AD$25,MATCH(MAIN!I10,'ROTT TO AG'!$L$6:$L$23,0),9) -> 46.938776
B11: Volume | C11: =INDEX('ROTT TO SING'!$A$8:$H$25,MATCH(MAIN!B11,'ROTT TO SING'!$A$8:$A$25,0),5) -> 0 | D11: =INDEX('ROTT TO SING'!$A$8:$H$25,MATCH(MAIN!B11,'ROTT TO SING'!$A$8:$A$25,0),7) -> 0 | E11: Volume | F11: =INDEX('ROTT TO SING'!$J$8:$S$25,MATCH(MAIN!E11,'ROTT TO SING'!$J$8:$J$25,0),5) -> 0 | G11: =INDEX('ROTT TO SING'!$J$8:$S$25,MATCH(MAIN!E11,'ROTT TO SING'!$J$8:$J$25,0),7) -> 0 | H11: =INDEX('ROTT TO SING'!$J$8:$S$25,MATCH(MAIN!E11,'ROTT TO SING'!$J$8:$J$25,0),9) -> 0 | I11: Volume | J11: =INDEX('ROTT TO SING'!$U$8:$AD$25,MATCH(MAIN!I11,'ROTT TO AG'!$L$6:$L$23,0),5) -> 0 | K11: =INDEX('ROTT TO SING'!$U$8:$AD$25,MATCH(MAIN!I11,'ROTT TO AG'!$L$6:$L$23,0),7) -> 0 | L11: =INDEX('ROTT TO SING'!$U$8:$AD$25,MATCH(MAIN!I11,'ROTT TO AG'!$L$6:$L$23,0),9) -> 0
B12: Demurrage | C12: =INDEX('ROTT TO SING'!$A$8:$H$25,MATCH(MAIN!B12,'ROTT TO SING'!$A$8:$A$25,0),5) -> 2.037037 | D12: =INDEX('ROTT TO SING'!$A$8:$H$25,MATCH(MAIN!B12,'ROTT TO SING'!$A$8:$A$25,0),7) -> 2.037037 | E12: Demurrage | F12: =INDEX('ROTT TO SING'!$J$8:$S$25,MATCH(MAIN!E12,'ROTT TO SING'!$J$8:$J$25,0),5) -> 2.6833333 | G12: =INDEX('ROTT TO SING'!$J$8:$S$25,MATCH(MAIN!E12,'ROTT TO SING'!$J$8:$J$25,0),7) -> 2.6833333 | H12: =INDEX('ROTT TO SING'!$J$8:$S$25,MATCH(MAIN!E12,'ROTT TO SING'!$J$8:$J$25,0),9) -> 2.6833333 | I12: Demurrage | J12: =INDEX('ROTT TO SING'!$U$8:$AD$25,MATCH(MAIN!I12,'ROTT TO AG'!$L$6:$L$23,0),5) -> 2.1683673 | K12: =INDEX('ROTT TO SING'!$U$8:$AD$25,MATCH(MAIN!I12,'ROTT TO AG'!$L$6:$L$23,0),7) -> 2.1683673 | L12: =INDEX('ROTT TO SING'!$U$8:$AD$25,MATCH(MAIN!I12,'ROTT TO AG'!$L$6:$L$23,0),9) -> 2.1683673
B13: Insurance | C13: =INDEX('ROTT TO SING'!$A$8:$H$25,MATCH(MAIN!B13,'ROTT TO SING'!$A$8:$A$25,0),5) -> 0.031481481 | D13: =INDEX('ROTT TO SING'!$A$8:$H$25,MATCH(MAIN!B13,'ROTT TO SING'!$A$8:$A$25,0),7) -> 0.031481481 | E13: Insurance | F13: =INDEX('ROTT TO SING'!$J$8:$S$25,MATCH(MAIN!E13,'ROTT TO SING'!$J$8:$J$25,0),5) -> 0.056666667 | G13: =INDEX('ROTT TO SING'!$J$8:$S$25,MATCH(MAIN!E13,'ROTT TO SING'!$J$8:$J$25,0),7) -> 0.056666667 | H13: =INDEX('ROTT TO SING'!$J$8:$S$25,MATCH(MAIN!E13,'ROTT TO SING'!$J$8:$J$25,0),9) -> 0.056666667 | I13: Insurance | J13: =INDEX('ROTT TO SING'!$U$8:$AD$25,MATCH(MAIN!I13,'ROTT TO AG'!$L$6:$L$23,0),5) -> 0.086734694 | K13: =INDEX('ROTT TO SING'!$U$8:$AD$25,MATCH(MAIN!I13,'ROTT TO AG'!$L$6:$L$23,0),7) -> 0.086734694 | L13: =INDEX('ROTT TO SING'!$U$8:$AD$25,MATCH(MAIN!I13,'ROTT TO AG'!$L$6:$L$23,0),9) -> 0.086734694
B14: Loading PC | C14: =INDEX('ROTT TO SING'!$A$8:$H$25,MATCH(MAIN!B14,'ROTT TO SING'!$A$8:$A$25,0),5) -> 0.092592593 | D14: =INDEX('ROTT TO SING'!$A$8:$H$25,MATCH(MAIN!B14,'ROTT TO SING'!$A$8:$A$25,0),7) -> 0.092592593 | E14: Loading PC | F14: =INDEX('ROTT TO SING'!$J$8:$S$25,MATCH(MAIN!E14,'ROTT TO SING'!$J$8:$J$25,0),5) -> 0.16666667 | G14: =INDEX('ROTT TO SING'!$J$8:$S$25,MATCH(MAIN!E14,'ROTT TO SING'!$J$8:$J$25,0),7) -> 0.16666667 | H14: =INDEX('ROTT TO SING'!$J$8:$S$25,MATCH(MAIN!E14,'ROTT TO SING'!$J$8:$J$25,0),9) -> 0.16666667 | I14: Loading PC | J14: =INDEX('ROTT TO SING'!$U$8:$AD$25,MATCH(MAIN!I14,'ROTT TO AG'!$L$6:$L$23,0),5) -> 0.25510204 | K14: =INDEX('ROTT TO SING'!$U$8:$AD$25,MATCH(MAIN!I14,'ROTT TO AG'!$L$6:$L$23,0),7) -> 0.25510204 | L14: =INDEX('ROTT TO SING'!$U$8:$AD$25,MATCH(MAIN!I14,'ROTT TO AG'!$L$6:$L$23,0),9) -> 0.25510204
B15: Discharge PC | C15: =INDEX('ROTT TO SING'!$A$8:$H$25,MATCH(MAIN!B15,'ROTT TO SING'!$A$8:$A$25,0),5) -> 0.092592593 | D15: =INDEX('ROTT TO SING'!$A$8:$H$25,MATCH(MAIN!B15,'ROTT TO SING'!$A$8:$A$25,0),7) -> 0.092592593 | E15: Discharge PC | F15: =INDEX('ROTT TO SING'!$J$8:$S$25,MATCH(MAIN!E15,'ROTT TO SING'!$J$8:$J$25,0),5) -> 0.16666667 | G15: =INDEX('ROTT TO SING'!$J$8:$S$25,MATCH(MAIN!E15,'ROTT TO SING'!$J$8:$J$25,0),7) -> 0.16666667 | H15: =INDEX('ROTT TO SING'!$J$8:$S$25,MATCH(MAIN!E15,'ROTT TO SING'!$J$8:$J$25,0),9) -> 0.16666667 | I15: Discharge PC | J15: =INDEX('ROTT TO SING'!$U$8:$AD$25,MATCH(MAIN!I15,'ROTT TO AG'!$L$6:$L$23,0),5) -> 0.25510204 | K15: =INDEX('ROTT TO SING'!$U$8:$AD$25,MATCH(MAIN!I15,'ROTT TO AG'!$L$6:$L$23,0),7) -> 0.25510204 | L15: =INDEX('ROTT TO SING'!$U$8:$AD$25,MATCH(MAIN!I15,'ROTT TO AG'!$L$6:$L$23,0),9) -> 0.25510204
B16: Finance | C16: =INDEX('ROTT TO SING'!$A$8:$H$25,MATCH(MAIN!B16,'ROTT TO SING'!$A$8:$A$25,0),5) -> 3.465 | D16: =INDEX('ROTT TO SING'!$A$8:$H$25,MATCH(MAIN!B16,'ROTT TO SING'!$A$8:$A$25,0),7) -> 3.465 | E16: Finance | F16: =INDEX('ROTT TO SING'!$J$8:$S$25,MATCH(MAIN!E16,'ROTT TO SING'!$J$8:$J$25,0),5) -> 3.465 | G16: =INDEX('ROTT TO SING'!$J$8:$S$25,MATCH(MAIN!E16,'ROTT TO SING'!$J$8:$J$25,0),7) -> 3.465 | H16: =INDEX('ROTT TO SING'!$J$8:$S$25,MATCH(MAIN!E16,'ROTT TO SING'!$J$8:$J$25,0),9) -> 3.4310959 | I16: Finance | J16: =INDEX('ROTT TO SING'!$U$8:$AD$25,MATCH(MAIN!I16,'ROTT TO AG'!$L$6:$L$23,0),5) -> 3.465 | K16: =INDEX('ROTT TO SING'!$U$8:$AD$25,MATCH(MAIN!I16,'ROTT TO AG'!$L$6:$L$23,0),7) -> 3.465 | L16: =INDEX('ROTT TO SING'!$U$8:$AD$25,MATCH(MAIN!I16,'ROTT TO AG'!$L$6:$L$23,0),9) -> 3.4310959
B17: Heat | C17: =INDEX('ROTT TO SING'!$A$8:$H$25,MATCH(MAIN!B17,'ROTT TO SING'!$A$8:$A$25,0),5) -> 0 | D17: =INDEX('ROTT TO SING'!$A$8:$H$25,MATCH(MAIN!B17,'ROTT TO SING'!$A$8:$A$25,0),7) -> 0 | E17: Heat | F17: =INDEX('ROTT TO SING'!$J$8:$S$25,MATCH(MAIN!E17,'ROTT TO SING'!$J$8:$J$25,0),5) -> 0 | G17: =INDEX('ROTT TO SING'!$J$8:$S$25,MATCH(MAIN!E17,'ROTT TO SING'!$J$8:$J$25,0),7) -> 0 | H17: =INDEX('ROTT TO SING'!$J$8:$S$25,MATCH(MAIN!E17,'ROTT TO SING'!$J$8:$J$25,0),9) -> 0 | I17: Heat | J17: =INDEX('ROTT TO SING'!$U$8:$AD$25,MATCH(MAIN!I17,'ROTT TO AG'!$L$6:$L$23,0),5) -> 0 | K17: =INDEX('ROTT TO SING'!$U$8:$AD$25,MATCH(MAIN!I17,'ROTT TO AG'!$L$6:$L$23,0),7) -> 0 | L17: =INDEX('ROTT TO SING'!$U$8:$AD$25,MATCH(MAIN!I17,'ROTT TO AG'!$L$6:$L$23,0),9) -> 0
B18: LC charges | C18: =INDEX('ROTT TO SING'!$A$8:$H$25,MATCH(MAIN!B18,'ROTT TO SING'!$A$8:$A$25,0),5) -> 0.2874375 | D18: =INDEX('ROTT TO SING'!$A$8:$H$25,MATCH(MAIN!B18,'ROTT TO SING'!$A$8:$A$25,0),7) -> 0.2874375 | E18: LC charges | F18: =INDEX('ROTT TO SING'!$J$8:$S$25,MATCH(MAIN!E18,'ROTT TO SING'!$J$8:$J$25,0),5) -> 0.2874375 | G18: =INDEX('ROTT TO SING'!$J$8:$S$25,MATCH(MAIN!E18,'ROTT TO SING'!$J$8:$J$25,0),7) -> 0.2874375 | H18: =INDEX('ROTT TO SING'!$J$8:$S$25,MATCH(MAIN!E18,'ROTT TO SING'!$J$8:$J$25,0),9) -> 0.284625 | I18: LC charges | J18: =INDEX('ROTT TO SING'!$U$8:$AD$25,MATCH(MAIN!I18,'ROTT TO AG'!$L$6:$L$23,0),5) -> 0.2874375 | K18: =INDEX('ROTT TO SING'!$U$8:$AD$25,MATCH(MAIN!I18,'ROTT TO AG'!$L$6:$L$23,0),7) -> 0.2874375 | L18: =INDEX('ROTT TO SING'!$U$8:$AD$25,MATCH(MAIN!I18,'ROTT TO AG'!$L$6:$L$23,0),9) -> 0.284625
B19: Outturn loss | C19: =INDEX('ROTT TO SING'!$A$8:$H$25,MATCH(MAIN!B19,'ROTT TO SING'!$A$8:$A$25,0),5) -> 1.17975 | D19: =INDEX('ROTT TO SING'!$A$8:$H$25,MATCH(MAIN!B19,'ROTT TO SING'!$A$8:$A$25,0),7) -> 1.16925 | E19: Outturn loss | F19: =INDEX('ROTT TO SING'!$J$8:$S$25,MATCH(MAIN!E19,'ROTT TO SING'!$J$8:$J$25,0),5) -> 1.18125 | G19: =INDEX('ROTT TO SING'!$J$8:$S$25,MATCH(MAIN!E19,'ROTT TO SING'!$J$8:$J$25,0),7) -> 1.17975 | H19: =INDEX('ROTT TO SING'!$J$8:$S$25,MATCH(MAIN!E19,'ROTT TO SING'!$J$8:$J$25,0),9) -> 1.17975 | I19: Outturn loss | J19: =INDEX('ROTT TO SING'!$U$8:$AD$25,MATCH(MAIN!I19,'ROTT TO AG'!$L$6:$L$23,0),5) -> 1.18125 | K19: =INDEX('ROTT TO SING'!$U$8:$AD$25,MATCH(MAIN!I19,'ROTT TO AG'!$L$6:$L$23,0),7) -> 1.17975 | L19: =INDEX('ROTT TO SING'!$U$8:$AD$25,MATCH(MAIN!I19,'ROTT TO AG'!$L$6:$L$23,0),9) -> 1.17975
B20: Inspection | C20: =INDEX('ROTT TO SING'!$A$8:$H$25,MATCH(MAIN!B20,'ROTT TO SING'!$A$8:$A$25,0),5) -> 0.046296296 | D20: =INDEX('ROTT TO SING'!$A$8:$H$25,MATCH(MAIN!B20,'ROTT TO SING'!$A$8:$A$25,0),7) -> 0.046296296 | E20: Inspection | F20: =INDEX('ROTT TO SING'!$J$8:$S$25,MATCH(MAIN!E20,'ROTT TO SING'!$J$8:$J$25,0),5) -> 0.083333333 | G20: =INDEX('ROTT TO SING'!$J$8:$S$25,MATCH(MAIN!E20,'ROTT TO SING'!$J$8:$J$25,0),7) -> 0.083333333 | H20: =INDEX('ROTT TO SING'!$J$8:$S$25,MATCH(MAIN!E20,'ROTT TO SING'!$J$8:$J$25,0),9) -> 0.083333333 | I20: Inspection | J20: =INDEX('ROTT TO SING'!$U$8:$AD$25,MATCH(MAIN!I20,'ROTT TO AG'!$L$6:$L$23,0),5) -> 0.12755102 | K20: =INDEX('ROTT TO SING'!$U$8:$AD$25,MATCH(MAIN!I20,'ROTT TO AG'!$L$6:$L$23,0),7) -> 0.12755102 | L20: =INDEX('ROTT TO SING'!$U$8:$AD$25,MATCH(MAIN!I20,'ROTT TO AG'!$L$6:$L$23,0),9) -> 0.12755102
B21: Overage Insurance | C21: =INDEX('ROTT TO SING'!$A$8:$H$25,MATCH(MAIN!B21,'ROTT TO SING'!$A$8:$A$25,0),5) -> 0.0046296296 | D21: =INDEX('ROTT TO SING'!$A$8:$H$25,MATCH(MAIN!B21,'ROTT TO SING'!$A$8:$A$25,0),7) -> 0.0046296296 | E21: Overage Insurance | F21: =INDEX('ROTT TO SING'!$J$8:$S$25,MATCH(MAIN!E21,'ROTT TO SING'!$J$8:$J$25,0),5) -> 0.0083333333 | G21: =INDEX('ROTT TO SING'!$J$8:$S$25,MATCH(MAIN!E21,'ROTT TO SING'!$J$8:$J$25,0),7) -> 0.0083333333 | H21: =INDEX('ROTT TO SING'!$J$8:$S$25,MATCH(MAIN!E21,'ROTT TO SING'!$J$8:$J$25,0),9) -> 0.0083333333 | I21: Overage Insurance | J21: =INDEX('ROTT TO SING'!$U$8:$AD$25,MATCH(MAIN!I21,'ROTT TO AG'!$L$6:$L$23,0),5) -> 0.012755102 | K21: =INDEX('ROTT TO SING'!$U$8:$AD$25,MATCH(MAIN!I21,'ROTT TO AG'!$L$6:$L$23,0),7) -> 0.012755102 | L21: =INDEX('ROTT TO SING'!$U$8:$AD$25,MATCH(MAIN!I21,'ROTT TO AG'!$L$6:$L$23,0),9) -> 0.012755102
... B27: ROLL - COST | C27: =INDEX('ROTT TO SING'!$A$8:$H$25,MATCH(MAIN!B27,'ROTT TO SING'!$A$8:$A$25,0),5) -> -17.956935 | D27: =INDEX('ROTT TO SING'!$A$8:$H$25,MATCH(MAIN!B27,'ROTT TO SING'!$A$8:$A$25,0),7) -> -17.681283 | E27: ROLL - COST | F27: =INDEX('ROTT TO SING'!$J$8:$S$25,MATCH(MAIN!E27,'ROTT TO SING'!$J$8:$J$25,0),5) -> -32.273688 | G27: =INDEX('ROTT TO SING'!$J$8:$S$25,MATCH(MAIN!E27,'ROTT TO SING'!$J$8:$J$25,0),7) -> -32.147188 | H27: =INDEX('ROTT TO SING'!$J$8:$S$25,MATCH(MAIN!E27,'ROTT TO SING'!$J$8:$J$25,0),9) -> -31.985471 | I27: ROLL - COST | J27: =INDEX('ROTT TO SING'!$U$8:$AD$25,MATCH(MAIN!I27,'ROTT TO AG'!$L$6:$L$23,0),5) -> -45.045932 | K27: =INDEX('ROTT TO SING'!$U$8:$AD$25,MATCH(MAIN!I27,'ROTT TO AG'!$L$6:$L$23,0),7) -> -44.919432 | L27: =INDEX('ROTT TO SING'!$U$8:$AD$25,MATCH(MAIN!I27,'ROTT TO AG'!$L$6:$L$23,0),9) -> -44.757716
B28: Loading Month | C28: ='ROTT TO SING'!E5 -> 45910 | D28: ='ROTT TO SING'!G5 -> 45924 | E28: Loading Month | F28: ='ROTT TO SING'!N5 -> 45903 | G28: ='ROTT TO SING'!P5 -> 45917 | H28: ='ROTT TO SING'!R5 -> 45931 | I28: Loading Month | J28: ='ROTT TO SING'!Y5 -> 45903 | K28: ='ROTT TO SING'!AA26 -> 45944 | L28: ='ROTT TO SING'!AC26 -> 45958
A29: RMK | C29: =C49+C30-C31 -> -22.456935 | D29: =D49+D30-D31 -> -22.181283 | F29: =F49+F30-F31 -> -36.773688 | G29: =G49+G30-G31 -> -36.647188 | H29: =H49+H30-H31 -> -36.485471 | J29: =J49+J30-J31 -> -49.545932 | K29: =K49+K30-K31 -> -49.419432 | L29: =L49+L30-L31 -> -49.257716
B30: Sale premium | C30: =INDEX(Premium!$A$2:$D$12,MATCH(MAIN!$A29,Premium!$A$2:$A$12,0),MATCH(EOMONTH(MAIN!C6,-1)+1,Premium!$A$2:$D$2,0)) -> -6.5 | D30: =INDEX(Premium!$A$2:$D$12,MATCH(MAIN!$A29,Premium!$A$2:$A$12,0),MATCH(EOMONTH(MAIN!D6,-1)+1,Premium!$A$2:$D$2,0)) -> -6.5 | E30: Sale premium | F30: =INDEX(Premium!$A$2:$D$12,MATCH(MAIN!$A29,Premium!$A$2:$A$12,0),MATCH(EOMONTH(MAIN!F6,-1)+1,Premium!$A$2:$D$2,0)) -> -6.5 | G30: =INDEX(Premium!$A$2:$D$12,MATCH(MAIN!$A29,Premium!$A$2:$A$12,0),MATCH(EOMONTH(MAIN!G6,-1)+1,Premium!$A$2:$D$2,0)) -> -6.5 | H30: =INDEX(Premium!$A$2:$D$12,MATCH(MAIN!$A29,Premium!$A$2:$A$12,0),MATCH(EOMONTH(MAIN!H6,-1)+1,Premium!$A$2:$D$2,0)) -> -6.5 | I30: Sale premium | J30: =INDEX(Premium!$A$2:$D$12,MATCH(MAIN!$A29,Premium!$A$2:$A$12,0),MATCH(EOMONTH(MAIN!J6,-1)+1,Premium!$A$2:$D$2,0)) -> -6.5 | K30: =INDEX(Premium!$A$2:$D$12,MATCH(MAIN!$A29,Premium!$A$2:$A$12,0),MATCH(EOMONTH(MAIN!K6,-1)+1,Premium!$A$2:$D$2,0)) -> -6.5 | L30: =INDEX(Premium!$A$2:$D$12,MATCH(MAIN!$A29,Premium!$A$2:$A$12,0),MATCH(EOMONTH(MAIN!L6,-1)+1,Premium!$A$2:$D$2,0)) -> -6.5
B31: Purchase Premium | C31: =INDEX(Premium!$A$21:$D$29,MATCH(MAIN!$A29,Premium!$A$21:$A$29,0),MATCH(EOMONTH(MAIN!C50,-1)+1,Premium!$A$21:$D$21,0)) -> -2 | D31: =INDEX(Premium!$A$21:$D$29,MATCH(MAIN!$A29,Premium!$A$21:$A$29,0),MATCH(EOMONTH(MAIN!D50,-1)+1,Premium!$A$21:$D$21,0)) -> -2 | E31: Purchase Prem VS Barges | F31: =INDEX(Premium!$A$21:$D$29,MATCH(MAIN!$A29,Premium!$A$21:$A$29,0),MATCH(EOMONTH(MAIN!F50,-1)+1,Premium!$A$21:$D$21,0)) -> -2 | G31: =INDEX(Premium!$A$21:$D$29,MATCH(MAIN!$A29,Premium!$A$21:$A$29,0),MATCH(EOMONTH(MAIN!G50,-1)+1,Premium!$A$21:$D$21,0)) -> -2 | H31: =INDEX(Premium!$A$21:$D$29,MATCH(MAIN!$A29,Premium!$A$21:$A$29,0),MATCH(EOMONTH(MAIN!H50,-1)+1,Premium!$A$21:$D$21,0)) -> -2 | I31: Purchase Prem VS Barges | J31: =INDEX(Premium!$A$21:$D$29,MATCH(MAIN!$A29,Premium!$A$21:$A$29,0),MATCH(EOMONTH(MAIN!J50,-1)+1,Premium!$A$21:$D$21,0)) -> -2 | K31: =INDEX(Premium!$A$21:$D$29,MATCH(MAIN!$A29,Premium!$A$21:$A$29,0),MATCH(EOMONTH(MAIN!K50,-1)+1,Premium!$A$21:$D$21,0)) -> -2 | L31: =INDEX(Premium!$A$21:$D$29,MATCH(MAIN!$A29,Premium!$A$21:$A$29,0),MATCH(EOMONTH(MAIN!L50,-1)+1,Premium!$A$21:$D$21,0)) -> -2
B32: Freight | C32: =INDEX('ROTT TO SING'!$A$8:$H$25,MATCH(MAIN!B32,'ROTT TO SING'!$A$8:$A$25,0),5) -> 20.740741 | D32: =INDEX('ROTT TO SING'!$A$8:$H$25,MATCH(MAIN!B32,'ROTT TO SING'!$A$8:$A$25,0),7) -> 20.740741 | E32: Freight | F32: =INDEX('ROTT TO SING'!$J$8:$S$25,MATCH(MAIN!E32,'ROTT TO SING'!$J$8:$J$25,0),5) -> 34 | G32: =INDEX('ROTT TO SING'!$J$8:$S$25,MATCH(MAIN!E32,'ROTT TO SING'!$J$8:$J$25,0),7) -> 34 | H32: =INDEX('ROTT TO SING'!$J$8:$S$25,MATCH(MAIN!E32,'ROTT TO SING'!$J$8:$J$25,0),9) -> 34 | I32: Freight | J32: =INDEX('ROTT TO SING'!$U$8:$AD$25,MATCH(MAIN!I32,'ROTT TO AG'!$L$6:$L$23,0),5) -> 46.938776 | K32: =INDEX('ROTT TO SING'!$U$8:$AD$25,MATCH(MAIN!I32,'ROTT TO AG'!$L$6:$L$23,0),7) -> 46.938776 | L32: =INDEX('ROTT TO SING'!$U$8:$AD$25,MATCH(MAIN!I32,'ROTT TO AG'!$L$6:$L$23,0),9) -> 46.938776
B33: Volume | C33: =INDEX('ROTT TO SING'!$A$8:$H$25,MATCH(MAIN!B33,'ROTT TO SING'!$A$8:$A$25,0),5) -> 0 | D33: =INDEX('ROTT TO SING'!$A$8:$H$25,MATCH(MAIN!B33,'ROTT TO SING'!$A$8:$A$25,0),7) -> 0 | E33: Volume | F33: =INDEX('ROTT TO SING'!$J$8:$S$25,MATCH(MAIN!E33,'ROTT TO SING'!$J$8:$J$25,0),5) -> 0 | G33: =INDEX('ROTT TO SING'!$J$8:$S$25,MATCH(MAIN!E33,'ROTT TO SING'!$J$8:$J$25,0),7) -> 0 | H33: =INDEX('ROTT TO SING'!$J$8:$S$25,MATCH(MAIN!E33,'ROTT TO SING'!$J$8:$J$25,0),9) -> 0 | I33: Volume | J33: =INDEX('ROTT TO SING'!$U$8:$AD$25,MATCH(MAIN!I33,'ROTT TO AG'!$L$6:$L$23,0),5) -> 0 | K33: =INDEX('ROTT TO SING'!$U$8:$AD$25,MATCH(MAIN!I33,'ROTT TO AG'!$L$6:$L$23,0),7) -> 0 | L33: =INDEX('ROTT TO SING'!$U$8:$AD$25,MATCH(MAIN!I33,'ROTT TO AG'!$L$6:$L$23,0),9) -> 0
B34: Demurrage | C34: =INDEX('ROTT TO SING'!$A$8:$H$25,MATCH(MAIN!B34,'ROTT TO SING'!$A$8:$A$25,0),5) -> 2.037037 | D34: =INDEX('ROTT TO SING'!$A$8:$H$25,MATCH(MAIN!B34,'ROTT TO SING'!$A$8:$A$25,0),7) -> 2.037037 | E34: Demurrage | F34: =INDEX('ROTT TO SING'!$J$8:$S$25,MATCH(MAIN!E34,'ROTT TO SING'!$J$8:$J$25,0),5) -> 2.6833333 | G34: =INDEX('ROTT TO SING'!$J$8:$S$25,MATCH(MAIN!E34,'ROTT TO SING'!$J$8:$J$25,0),7) -> 2.6833333 | H34: =INDEX('ROTT TO SING'!$J$8:$S$25,MATCH(MAIN!E34,'ROTT TO SING'!$J$8:$J$25,0),9) -> 2.6833333 | I34: Demurrage | J34: =INDEX('ROTT TO SING'!$U$8:$AD$25,MATCH(MAIN!I34,'ROTT TO AG'!$L$6:$L$23,0),5) -> 2.1683673 | K34: =INDEX('ROTT TO SING'!$U$8:$AD$25,MATCH(MAIN!I34,'ROTT TO AG'!$L$6:$L$23,0),7) -> 2.1683673 | L34: =INDEX('ROTT TO SING'!$U$8:$AD$25,MATCH(MAIN!I34,'ROTT TO AG'!$L$6:$L$23,0),9) -> 2.1683673
B35: Insurance | C35: =INDEX('ROTT TO SING'!$A$8:$H$25,MATCH(MAIN!B35,'ROTT TO SING'!$A$8:$A$25,0),5) -> 0.031481481 | D35: =INDEX('ROTT TO SING'!$A$8:$H$25,MATCH(MAIN!B35,'ROTT TO SING'!$A$8:$A$25,0),7) -> 0.031481481 | E35: Insurance | F35: =INDEX('ROTT TO SING'!$J$8:$S$25,MATCH(MAIN!E35,'ROTT TO SING'!$J$8:$J$25,0),5) -> 0.056666667 | G35: =INDEX('ROTT TO SING'!$J$8:$S$25,MATCH(MAIN!E35,'ROTT TO SING'!$J$8:$J$25,0),7) -> 0.056666667 | H35: =INDEX('ROTT TO SING'!$J$8:$S$25,MATCH(MAIN!E35,'ROTT TO SING'!$J$8:$J$25,0),9) -> 0.056666667 | I35: Insurance | J35: =INDEX('ROTT TO SING'!$U$8:$AD$25,MATCH(MAIN!I35,'ROTT TO AG'!$L$6:$L$23,0),5) -> 0.086734694 | K35: =INDEX('ROTT TO SING'!$U$8:$AD$25,MATCH(MAIN!I35,'ROTT TO AG'!$L$6:$L$23,0),7) -> 0.086734694 | L35: =INDEX('ROTT TO SING'!$U$8:$AD$25,MATCH(MAIN!I35,'ROTT TO AG'!$L$6:$L$23,0),9) -> 0.086734694
B36: Loading PC | C36: =INDEX('ROTT TO SING'!$A$8:$H$25,MATCH(MAIN!B36,'ROTT TO SING'!$A$8:$A$25,0),5) -> 0.092592593 | D36: =INDEX('ROTT TO SING'!$A$8:$H$25,MATCH(MAIN!B36,'ROTT TO SING'!$A$8:$A$25,0),7) -> 0.092592593 | E36: Loading PC | F36: =INDEX('ROTT TO SING'!$J$8:$S$25,MATCH(MAIN!E36,'ROTT TO SING'!$J$8:$J$25,0),5) -> 0.16666667 | G36: =INDEX('ROTT TO SING'!$J$8:$S$25,MATCH(MAIN!E36,'ROTT TO SING'!$J$8:$J$25,0),7) -> 0.16666667 | H36: =INDEX('ROTT TO SING'!$J$8:$S$25,MATCH(MAIN!E36,'ROTT TO SING'!$J$8:$J$25,0),9) -> 0.16666667 | I36: Loading PC | J36: =INDEX('ROTT TO SING'!$U$8:$AD$25,MATCH(MAIN!I36,'ROTT TO AG'!$L$6:$L$23,0),5) -> 0.25510204 | K36: =INDEX('ROTT TO SING'!$U$8:$AD$25,MATCH(MAIN!I36,'ROTT TO AG'!$L$6:$L$23,0),7) -> 0.25510204 | L36: =INDEX('ROTT TO SING'!$U$8:$AD$25,MATCH(MAIN!I36,'ROTT TO AG'!$L$6:$L$23,0),9) -> 0.25510204
B37: Discharge PC | C37: =INDEX('ROTT TO SING'!$A$8:$H$25,MATCH(MAIN!B37,'ROTT TO SING'!$A$8:$A$25,0),5) -> 0.092592593 | D37: =INDEX('ROTT TO SING'!$A$8:$H$25,MATCH(MAIN!B37,'ROTT TO SING'!$A$8:$A$25,0),7) -> 0.092592593 | E37: Discharge PC | F37: =INDEX('ROTT TO SING'!$J$8:$S$25,MATCH(MAIN!E37,'ROTT TO SING'!$J$8:$J$25,0),5) -> 0.16666667 | G37: =INDEX('ROTT TO SING'!$J$8:$S$25,MATCH(MAIN!E37,'ROTT TO SING'!$J$8:$J$25,0),7) -> 0.16666667 | H37: =INDEX('ROTT TO SING'!$J$8:$S$25,MATCH(MAIN!E37,'ROTT TO SING'!$J$8:$J$25,0),9) -> 0.16666667 | I37: Discharge PC | J37: =INDEX('ROTT TO SING'!$U$8:$AD$25,MATCH(MAIN!I37,'ROTT TO AG'!$L$6:$L$23,0),5) -> 0.25510204 | K37: =INDEX('ROTT TO SING'!$U$8:$AD$25,MATCH(MAIN!I37,'ROTT TO AG'!$L$6:$L$23,0),7) -> 0.25510204 | L37: =INDEX('ROTT TO SING'!$U$8:$AD$25,MATCH(MAIN!I37,'ROTT TO AG'!$L$6:$L$23,0),9) -> 0.25510204
B38: Finance | C38: =INDEX('ROTT TO SING'!$A$8:$H$25,MATCH(MAIN!B38,'ROTT TO SING'!$A$8:$A$25,0),5) -> 3.465 | D38: =INDEX('ROTT TO SING'!$A$8:$H$25,MATCH(MAIN!B38,'ROTT TO SING'!$A$8:$A$25,0),7) -> 3.465 | E38: Finance | F38: =INDEX('ROTT TO SING'!$J$8:$S$25,MATCH(MAIN!E38,'ROTT TO SING'!$J$8:$J$25,0),5) -> 3.465 | G38: =INDEX('ROTT TO SING'!$J$8:$S$25,MATCH(MAIN!E38,'ROTT TO SING'!$J$8:$J$25,0),7) -> 3.465 | H38: =INDEX('ROTT TO SING'!$J$8:$S$25,MATCH(MAIN!E38,'ROTT TO SING'!$J$8:$J$25,0),9) -> 3.4310959 | I38: Finance | J38: =INDEX('ROTT TO SING'!$U$8:$AD$25,MATCH(MAIN!I38,'ROTT TO AG'!$L$6:$L$23,0),5) -> 3.465 | K38: =INDEX('ROTT TO SING'!$U$8:$AD$25,MATCH(MAIN!I38,'ROTT TO AG'!$L$6:$L$23,0),7) -> 3.465 | L38: =INDEX('ROTT TO SING'!$U$8:$AD$25,MATCH(MAIN!I38,'ROTT TO AG'!$L$6:$L$23,0),9) -> 3.4310959
B39: Heat | C39: =INDEX('ROTT TO SING'!$A$8:$H$25,MATCH(MAIN!B39,'ROTT TO SING'!$A$8:$A$25,0),5) -> 0 | D39: =INDEX('ROTT TO SING'!$A$8:$H$25,MATCH(MAIN!B39,'ROTT TO SING'!$A$8:$A$25,0),7) -> 0 | E39: Heat | F39: =INDEX('ROTT TO SING'!$J$8:$S$25,MATCH(MAIN!E39,'ROTT TO SING'!$J$8:$J$25,0),5) -> 0 | G39: =INDEX('ROTT TO SING'!$J$8:$S$25,MATCH(MAIN!E39,'ROTT TO SING'!$J$8:$J$25,0),7) -> 0 | H39: =INDEX('ROTT TO SING'!$J$8:$S$25,MATCH(MAIN!E39,'ROTT TO SING'!$J$8:$J$25,0),9) -> 0 | I39: Heat | J39: =INDEX('ROTT TO SING'!$U$8:$AD$25,MATCH(MAIN!I39,'ROTT TO AG'!$L$6:$L$23,0),5) -> 0 | K39: =INDEX('ROTT TO SING'!$U$8:$AD$25,MATCH(MAIN!I39,'ROTT TO AG'!$L$6:$L$23,0),7) -> 0 | L39: =INDEX('ROTT TO SING'!$U$8:$AD$25,MATCH(MAIN!I39,'ROTT TO AG'!$L$6:$L$23,0),9) -> 0
B40: LC charges | C40: =INDEX('ROTT TO SING'!$A$8:$H$25,MATCH(MAIN!B40,'ROTT TO SING'!$A$8:$A$25,0),5) -> 0.2874375 | D40: =INDEX('ROTT TO SING'!$A$8:$H$25,MATCH(MAIN!B40,'ROTT TO SING'!$A$8:$A$25,0),7) -> 0.2874375 | E40: LC charges | F40: =INDEX('ROTT TO SING'!$J$8:$S$25,MATCH(MAIN!E40,'ROTT TO SING'!$J$8:$J$25,0),5) -> 0.2874375 | G40: =INDEX('ROTT TO SING'!$J$8:$S$25,MATCH(MAIN!E40,'ROTT TO SING'!$J$8:$J$25,0),7) -> 0.2874375 | H40: =INDEX('ROTT TO SING'!$J$8:$S$25,MATCH(MAIN!E40,'ROTT TO SING'!$J$8:$J$25,0),9) -> 0.284625 | I40: LC charges | J40: =INDEX('ROTT TO SING'!$U$8:$AD$25,MATCH(MAIN!I40,'ROTT TO AG'!$L$6:$L$23,0),5) -> 0.2874375 | K40: =INDEX('ROTT TO SING'!$U$8:$AD$25,MATCH(MAIN!I40,'ROTT TO AG'!$L$6:$L$23,0),7) -> 0.2874375 | L40: =INDEX('ROTT TO SING'!$U$8:$AD$25,MATCH(MAIN!I40,'ROTT TO AG'!$L$6:$L$23,0),9) -> 0.284625
B41: Outturn loss | C41: =INDEX('ROTT TO SING'!$A$8:$H$25,MATCH(MAIN!B41,'ROTT TO SING'!$A$8:$A$25,0),5) -> 1.17975 | D41: =INDEX('ROTT TO SING'!$A$8:$H$25,MATCH(MAIN!B41,'ROTT TO SING'!$A$8:$A$25,0),7) -> 1.16925 | E41: Outturn loss | F41: =INDEX('ROTT TO SING'!$J$8:$S$25,MATCH(MAIN!E41,'ROTT TO SING'!$J$8:$J$25,0),5) -> 1.18125 | G41: =INDEX('ROTT TO SING'!$J$8:$S$25,MATCH(MAIN!E41,'ROTT TO SING'!$J$8:$J$25,0),7) -> 1.17975 | H41: =INDEX('ROTT TO SING'!$J$8:$S$25,MATCH(MAIN!E41,'ROTT TO SING'!$J$8:$J$25,0),9) -> 1.17975 | I41: Outturn loss | J41: =INDEX('ROTT TO SING'!$U$8:$AD$25,MATCH(MAIN!I41,'ROTT TO AG'!$L$6:$L$23,0),5) -> 1.18125 | K41: =INDEX('ROTT TO SING'!$U$8:$AD$25,MATCH(MAIN!I41,'ROTT TO AG'!$L$6:$L$23,0),7) -> 1.17975 | L41: =INDEX('ROTT TO SING'!$U$8:$AD$25,MATCH(MAIN!I41,'ROTT TO AG'!$L$6:$L$23,0),9) -> 1.17975
B42: Inspection | C42: =INDEX('ROTT TO SING'!$A$8:$H$25,MATCH(MAIN!B42,'ROTT TO SING'!$A$8:$A$25,0),5) -> 0.046296296 | D42: =INDEX('ROTT TO SING'!$A$8:$H$25,MATCH(MAIN!B42,'ROTT TO SING'!$A$8:$A$25,0),7) -> 0.046296296 | E42: Inspection | F42: =INDEX('ROTT TO SING'!$J$8:$S$25,MATCH(MAIN!E42,'ROTT TO SING'!$J$8:$J$25,0),5) -> 0.083333333 | G42: =INDEX('ROTT TO SING'!$J$8:$S$25,MATCH(MAIN!E42,'ROTT TO SING'!$J$8:$J$25,0),7) -> 0.083333333 | H42: =INDEX('ROTT TO SING'!$J$8:$S$25,MATCH(MAIN!E42,'ROTT TO SING'!$J$8:$J$25,0),9) -> 0.083333333 | I42: Inspection | J42: =INDEX('ROTT TO SING'!$U$8:$AD$25,MATCH(MAIN!I42,'ROTT TO AG'!$L$6:$L$23,0),5) -> 0.12755102 | K42: =INDEX('ROTT TO SING'!$U$8:$AD$25,MATCH(MAIN!I42,'ROTT TO AG'!$L$6:$L$23,0),7) -> 0.12755102 | L42: =INDEX('ROTT TO SING'!$U$8:$AD$25,MATCH(MAIN!I42,'ROTT TO AG'!$L$6:$L$23,0),9) -> 0.12755102
B43: Overage Insurance | C43: =INDEX('ROTT TO SING'!$A$8:$H$25,MATCH(MAIN!B43,'ROTT TO SING'!$A$8:$A$25,0),5) -> 0.0046296296 | D43: =INDEX('ROTT TO SING'!$A$8:$H$25,MATCH(MAIN!B43,'ROTT TO SING'!$A$8:$A$25,0),7) -> 0.0046296296 | E43: Overage Insurance | F43: =INDEX('ROTT TO SING'!$J$8:$S$25,MATCH(MAIN!E43,'ROTT TO SING'!$J$8:$J$25,0),5) -> 0.0083333333 | G43: =INDEX('ROTT TO SING'!$J$8:$S$25,MATCH(MAIN!E43,'ROTT TO SING'!$J$8:$J$25,0),7) -> 0.0083333333 | H43: =INDEX('ROTT TO SING'!$J$8:$S$25,MATCH(MAIN!E43,'ROTT TO SING'!$J$8:$J$25,0),9) -> 0.0083333333 | I43: Overage Insurance | J43: =INDEX('ROTT TO SING'!$U$8:$AD$25,MATCH(MAIN!I43,'ROTT TO AG'!$L$6:$L$23,0),5) -> 0.012755102 | K43: =INDEX('ROTT TO SING'!$U$8:$AD$25,MATCH(MAIN!I43,'ROTT TO AG'!$L$6:$L$23,0),7) -> 0.012755102 | L43: =INDEX('ROTT TO SING'!$U$8:$AD$25,MATCH(MAIN!I43,'ROTT TO AG'!$L$6:$L$23,0),9) -> 0.012755102
... B49: ROLL - COST | C49: =INDEX('ROTT TO SING'!$A$8:$H$25,MATCH(MAIN!B49,'ROTT TO SING'!$A$8:$A$25,0),5) -> -17.956935 | D49: =INDEX('ROTT TO SING'!$A$8:$H$25,MATCH(MAIN!B49,'ROTT TO SING'!$A$8:$A$25,0),7) -> -17.681283 | E49: ROLL - COST | F49: =INDEX('ROTT TO SING'!$J$8:$S$25,MATCH(MAIN!E49,'ROTT TO SING'!$J$8:$J$25,0),5) -> -32.273688 | G49: =INDEX('ROTT TO SING'!$J$8:$S$25,MATCH(MAIN!E49,'ROTT TO SING'!$J$8:$J$25,0),7) -> -32.147188 | H49: =INDEX('ROTT TO SING'!$J$8:$S$25,MATCH(MAIN!E49,'ROTT TO SING'!$J$8:$J$25,0),9) -> -31.985471 | I49: ROLL - COST | J49: =INDEX('ROTT TO SING'!$U$8:$AD$25,MATCH(MAIN!I49,'ROTT TO AG'!$L$6:$L$23,0),5) -> -45.045932 | K49: =INDEX('ROTT TO SING'!$U$8:$AD$25,MATCH(MAIN!I49,'ROTT TO AG'!$L$6:$L$23,0),7) -> -44.919432 | L49: =INDEX('ROTT TO SING'!$U$8:$AD$25,MATCH(MAIN!I49,'ROTT TO AG'!$L$6:$L$23,0),9) -> -44.757716
B50: Loading Month | C50: =C28 -> 45910 | D50: =D28 -> 45924 | E50: Loading Month | F50: =F28 -> 45903 | G50: =G28 -> 45917 | H50: =H28 -> 45931 | I50: Loading Month | J50: =J28 -> 45903 | K50: =K28 -> 45944 | L50: =L28 -> 45958
B52: VS 0.5% | C52: =IF(DAY(C$6)<15,"1H-"&VLOOKUP(MONTH(C$6),Mapping!$A$1:$B$12,2,0),"2H-"&VLOOKUP(MONTH(C$6),Mapping!$A$1:$B$12,2,0)) -> 2H-OCT | D52: =IF(DAY(D$6)<15,"1H-"&VLOOKUP(MONTH(D$6),Mapping!$A$1:$B$12,2,0),"2H-"&VLOOKUP(MONTH(D$6),Mapping!$A$1:$B$12,2,0)) -> 1H-NOV | F52: =IF(DAY(F$6)<15,"1H-"&VLOOKUP(MONTH(F$6),Mapping!$A$1:$B$12,2,0),"2H-"&VLOOKUP(MONTH(F$6),Mapping!$A$1:$B$12,2,0)) -> 2H-SEP | G52: =IF(DAY(G$6)<15,"1H-"&VLOOKUP(MONTH(G$6),Mapping!$A$1:$B$12,2,0),"2H-"&VLOOKUP(MONTH(G$6),Mapping!$A$1:$B$12,2,0)) -> 1H-OCT | H52: =IF(DAY(H$6)<15,"1H-"&VLOOKUP(MONTH(H$6),Mapping!$A$1:$B$12,2,0),"2H-"&VLOOKUP(MONTH(H$6),Mapping!$A$1:$B$12,2,0)) -> 2H-OCT | J52: =IF(DAY(J$6)<15,"1H-"&VLOOKUP(MONTH(J$6),Mapping!$A$1:$B$12,2,0),"2H-"&VLOOKUP(MONTH(J$6),Mapping!$A$1:$B$12,2,0)) -> 2H-SEP | K52: =IF(DAY(K$6)<15,"1H-"&VLOOKUP(MONTH(K$6),Mapping!$A$1:$B$12,2,0),"2H-"&VLOOKUP(MONTH(K$6),Mapping!$A$1:$B$12,2,0)) -> 1H-OCT | L52: =IF(DAY(L$6)<15,"1H-"&VLOOKUP(MONTH(L$6),Mapping!$A$1:$B$12,2,0),"2H-"&VLOOKUP(MONTH(L$6),Mapping!$A$1:$B$12,2,0)) -> 2H-OCT
C53: =C6 -> 45955 | D53: =D6 -> 45969 | E53: =E6 -> 0 | F53: =F6 -> 45930 | G53: =G6 -> 45944 | H53: =H6 -> 45958 | I53: =I6 -> 0 | J53: =J6 -> 45930 | ... L53: =L6 -> 45958
A54: 1% RMG | C54: =C74+C55-C56 -> -23.153943 | D54: =D74+D55-D56 -> -22.423746 | F54: =F74+F55-F56 -> -38.288877 | G54: =G74+G55-G56 -> -37.412377 | H54: =H74+H55-H56 -> -36.493317 | J54: =J74+J55-J56 -> -51.061122 | K54: =K74+K55-K56 -> -50.184622 | L54: =L74+L55-L56 -> -49.265562
B55: Sale premium | C55: =INDEX(Premium!$A$2:$D$12,MATCH(MAIN!$A54,Premium!$A$2:$A$12,0),MATCH(EOMONTH(MAIN!C53,-1)+1,Premium!$A$2:$D$2,0)) -> -59 | D55: =INDEX(Premium!$A$2:$D$12,MATCH(MAIN!$A54,Premium!$A$2:$A$12,0),MATCH(EOMONTH(MAIN!D53,-1)+1,Premium!$A$2:$D$2,0)) -> -59 | E55: =INDEX(Premium!$A$2:$D$12,MATCH(MAIN!$A54,Premium!$A$2:$A$12,0),MATCH(EOMONTH(MAIN!E53,-1)+1,Premium!$A$2:$D$2,0)) -> #NUM! | F55: =INDEX(Premium!$A$2:$D$12,MATCH(MAIN!$A54,Premium!$A$2:$A$12,0),MATCH(EOMONTH(MAIN!F53,-1)+1,Premium!$A$2:$D$2,0)) -> -59 | G55: =INDEX(Premium!$A$2:$D$12,MATCH(MAIN!$A54,Premium!$A$2:$A$12,0),MATCH(EOMONTH(MAIN!G53,-1)+1,Premium!$A$2:$D$2,0)) -> -59 | H55: =INDEX(Premium!$A$2:$D$12,MATCH(MAIN!$A54,Premium!$A$2:$A$12,0),MATCH(EOMONTH(MAIN!H53,-1)+1,Premium!$A$2:$D$2,0)) -> -59 | I55: =INDEX(Premium!$A$2:$D$12,MATCH(MAIN!$A54,Premium!$A$2:$A$12,0),MATCH(EOMONTH(MAIN!I53,-1)+1,Premium!$A$2:$D$2,0)) -> #NUM! | J55: =INDEX(Premium!$A$2:$D$12,MATCH(MAIN!$A54,Premium!$A$2:$A$12,0),MATCH(EOMONTH(MAIN!J53,-1)+1,Premium!$A$2:$D$2,0)) -> -59 | ... L55: =INDEX(Premium!$A$2:$D$12,MATCH(MAIN!$A54,Premium!$A$2:$A$12,0),MATCH(EOMONTH(MAIN!L53,-1)+1,Premium!$A$2:$D$2,0)) -> -59
B56: Purchase Prem VS Barges | C56: =INDEX(Premium!$A$21:$D$29,MATCH(MAIN!$A54,Premium!$A$21:$A$29,0),MATCH(EOMONTH(MAIN!C75,-1)+1,Premium!$A$21:$D$21,0)) -> -35 | D56: =INDEX(Premium!$A$21:$D$29,MATCH(MAIN!$A54,Premium!$A$21:$A$29,0),MATCH(EOMONTH(MAIN!D75,-1)+1,Premium!$A$21:$D$21,0)) -> -35 | E56: Purchase Prem VS Barges | F56: =INDEX(Premium!$A$21:$D$29,MATCH(MAIN!$A54,Premium!$A$21:$A$29,0),MATCH(EOMONTH(MAIN!F75,-1)+1,Premium!$A$21:$D$21,0)) -> -35 | G56: =INDEX(Premium!$A$21:$D$29,MATCH(MAIN!$A54,Premium!$A$21:$A$29,0),MATCH(EOMONTH(MAIN!G75,-1)+1,Premium!$A$21:$D$21,0)) -> -35 | H56: =INDEX(Premium!$A$21:$D$29,MATCH(MAIN!$A54,Premium!$A$21:$A$29,0),MATCH(EOMONTH(MAIN!H75,-1)+1,Premium!$A$21:$D$21,0)) -> -35 | I56: Purchase Prem VS Barges | J56: =INDEX(Premium!$A$21:$D$29,MATCH(MAIN!$A54,Premium!$A$21:$A$29,0),MATCH(EOMONTH(MAIN!J75,-1)+1,Premium!$A$21:$D$21,0)) -> -35 | K56: =INDEX(Premium!$A$21:$D$29,MATCH(MAIN!$A54,Premium!$A$21:$A$29,0),MATCH(EOMONTH(MAIN!K75,-1)+1,Premium!$A$21:$D$21,0)) -> -35 | L56: =INDEX(Premium!$A$21:$D$29,MATCH(MAIN!$A54,Premium!$A$21:$A$29,0),MATCH(EOMONTH(MAIN!L75,-1)+1,Premium!$A$21:$D$21,0)) -> -35
B57: Freight | C57: =INDEX('ROTT TO SING'!$A$8:$H$25,MATCH(MAIN!B57,'ROTT TO SING'!$A$8:$A$25,0),6) -> 20.740741 | D57: =INDEX('ROTT TO SING'!$A$8:$H$25,MATCH(MAIN!B57,'ROTT TO SING'!$A$8:$A$25,0),8) -> 20.740741 | E57: Freight | F57: =INDEX('ROTT TO SING'!$J$8:$S$25,MATCH(MAIN!E57,'ROTT TO SING'!$J$8:$J$25,0),6) -> 34 | G57: =INDEX('ROTT TO SING'!$J$8:$S$25,MATCH(MAIN!E57,'ROTT TO SING'!$J$8:$J$25,0),8) -> 34 | H57: =INDEX('ROTT TO SING'!$J$8:$S$25,MATCH(MAIN!E57,'ROTT TO SING'!$J$8:$J$25,0),10) -> 34 | I57: Freight | J57: =INDEX('ROTT TO SING'!$U$8:$AD$25,MATCH(MAIN!I57,'ROTT TO AG'!$L$6:$L$23,0),6) -> 46.938776 | K57: =INDEX('ROTT TO SING'!$U$8:$AD$25,MATCH(MAIN!I57,'ROTT TO AG'!$L$6:$L$23,0),8) -> 46.938776 | L57: =INDEX('ROTT TO SING'!$U$8:$AD$25,MATCH(MAIN!I57,'ROTT TO AG'!$L$6:$L$23,0),10) -> 46.938776
B58: Volume | C58: =INDEX('ROTT TO SING'!$A$8:$H$25,MATCH(MAIN!B58,'ROTT TO SING'!$A$8:$A$25,0),6) -> 0 | D58: =INDEX('ROTT TO SING'!$A$8:$H$25,MATCH(MAIN!B58,'ROTT TO SING'!$A$8:$A$25,0),8) -> 0 | E58: Volume | F58: =INDEX('ROTT TO SING'!$J$8:$S$25,MATCH(MAIN!E58,'ROTT TO SING'!$J$8:$J$25,0),6) -> 0 | G58: =INDEX('ROTT TO SING'!$J$8:$S$25,MATCH(MAIN!E58,'ROTT TO SING'!$J$8:$J$25,0),8) -> 0 | H58: =INDEX('ROTT TO SING'!$J$8:$S$25,MATCH(MAIN!E58,'ROTT TO SING'!$J$8:$J$25,0),10) -> 0 | I58: Volume | J58: =INDEX('ROTT TO SING'!$U$8:$AD$25,MATCH(MAIN!I58,'ROTT TO AG'!$L$6:$L$23,0),6) -> 0 | K58: =INDEX('ROTT TO SING'!$U$8:$AD$25,MATCH(MAIN!I58,'ROTT TO AG'!$L$6:$L$23,0),8) -> 0 | L58: =INDEX('ROTT TO SING'!$U$8:$AD$25,MATCH(MAIN!I58,'ROTT TO AG'!$L$6:$L$23,0),10) -> 0
B59: Demurrage | C59: =INDEX('ROTT TO SING'!$A$8:$H$25,MATCH(MAIN!B59,'ROTT TO SING'!$A$8:$A$25,0),6) -> 2.037037 | D59: =INDEX('ROTT TO SING'!$A$8:$H$25,MATCH(MAIN!B59,'ROTT TO SING'!$A$8:$A$25,0),8) -> 2.037037 | E59: Demurrage | F59: =INDEX('ROTT TO SING'!$J$8:$S$25,MATCH(MAIN!E59,'ROTT TO SING'!$J$8:$J$25,0),6) -> 2.6833333 | G59: =INDEX('ROTT TO SING'!$J$8:$S$25,MATCH(MAIN!E59,'ROTT TO SING'!$J$8:$J$25,0),8) -> 2.6833333 | H59: =INDEX('ROTT TO SING'!$J$8:$S$25,MATCH(MAIN!E59,'ROTT TO SING'!$J$8:$J$25,0),10) -> 2.6833333 | I59: Demurrage | J59: =INDEX('ROTT TO SING'!$U$8:$AD$25,MATCH(MAIN!I59,'ROTT TO AG'!$L$6:$L$23,0),6) -> 2.1683673 | K59: =INDEX('ROTT TO SING'!$U$8:$AD$25,MATCH(MAIN!I59,'ROTT TO AG'!$L$6:$L$23,0),8) -> 2.1683673 | L59: =INDEX('ROTT TO SING'!$U$8:$AD$25,MATCH(MAIN!I59,'ROTT TO AG'!$L$6:$L$23,0),10) -> 2.1683673
B60: Insurance | C60: =INDEX('ROTT TO SING'!$A$8:$H$25,MATCH(MAIN!B60,'ROTT TO SING'!$A$8:$A$25,0),6) -> 0.031481481 | D60: =INDEX('ROTT TO SING'!$A$8:$H$25,MATCH(MAIN!B60,'ROTT TO SING'!$A$8:$A$25,0),8) -> 0.031481481 | E60: Insurance | F60: =INDEX('ROTT TO SING'!$J$8:$S$25,MATCH(MAIN!E60,'ROTT TO SING'!$J$8:$J$25,0),6) -> 0.056666667 | G60: =INDEX('ROTT TO SING'!$J$8:$S$25,MATCH(MAIN!E60,'ROTT TO SING'!$J$8:$J$25,0),8) -> 0.056666667 | H60: =INDEX('ROTT TO SING'!$J$8:$S$25,MATCH(MAIN!E60,'ROTT TO SING'!$J$8:$J$25,0),10) -> 0.056666667 | I60: Insurance | J60: =INDEX('ROTT TO SING'!$U$8:$AD$25,MATCH(MAIN!I60,'ROTT TO AG'!$L$6:$L$23,0),6) -> 0.086734694 | K60: =INDEX('ROTT TO SING'!$U$8:$AD$25,MATCH(MAIN!I60,'ROTT TO AG'!$L$6:$L$23,0),8) -> 0.086734694 | L60: =INDEX('ROTT TO SING'!$U$8:$AD$25,MATCH(MAIN!I60,'ROTT TO AG'!$L$6:$L$23,0),10) -> 0.086734694
B61: Loading PC | C61: =INDEX('ROTT TO SING'!$A$8:$H$25,MATCH(MAIN!B61,'ROTT TO SING'!$A$8:$A$25,0),6) -> 0.092592593 | D61: =INDEX('ROTT TO SING'!$A$8:$H$25,MATCH(MAIN!B61,'ROTT TO SING'!$A$8:$A$25,0),8) -> 0.092592593 | E61: Loading PC | F61: =INDEX('ROTT TO SING'!$J$8:$S$25,MATCH(MAIN!E61,'ROTT TO SING'!$J$8:$J$25,0),6) -> 0.16666667 | G61: =INDEX('ROTT TO SING'!$J$8:$S$25,MATCH(MAIN!E61,'ROTT TO SING'!$J$8:$J$25,0),8) -> 0.16666667 | H61: =INDEX('ROTT TO SING'!$J$8:$S$25,MATCH(MAIN!E61,'ROTT TO SING'!$J$8:$J$25,0),10) -> 0.16666667 | I61: Loading PC | J61: =INDEX('ROTT TO SING'!$U$8:$AD$25,MATCH(MAIN!I61,'ROTT TO AG'!$L$6:$L$23,0),6) -> 0.25510204 | K61: =INDEX('ROTT TO SING'!$U$8:$AD$25,MATCH(MAIN!I61,'ROTT TO AG'!$L$6:$L$23,0),8) -> 0.25510204 | L61: =INDEX('ROTT TO SING'!$U$8:$AD$25,MATCH(MAIN!I61,'ROTT TO AG'!$L$6:$L$23,0),10) -> 0.25510204
B62: Discharge PC | C62: =INDEX('ROTT TO SING'!$A$8:$H$25,MATCH(MAIN!B62,'ROTT TO SING'!$A$8:$A$25,0),6) -> 0.092592593 | D62: =INDEX('ROTT TO SING'!$A$8:$H$25,MATCH(MAIN!B62,'ROTT TO SING'!$A$8:$A$25,0),8) -> 0.092592593 | E62: Discharge PC | F62: =INDEX('ROTT TO SING'!$J$8:$S$25,MATCH(MAIN!E62,'ROTT TO SING'!$J$8:$J$25,0),6) -> 0.16666667 | G62: =INDEX('ROTT TO SING'!$J$8:$S$25,MATCH(MAIN!E62,'ROTT TO SING'!$J$8:$J$25,0),8) -> 0.16666667 | H62: =INDEX('ROTT TO SING'!$J$8:$S$25,MATCH(MAIN!E62,'ROTT TO SING'!$J$8:$J$25,0),10) -> 0.16666667 | I62: Discharge PC | J62: =INDEX('ROTT TO SING'!$U$8:$AD$25,MATCH(MAIN!I62,'ROTT TO AG'!$L$6:$L$23,0),6) -> 0.25510204 | K62: =INDEX('ROTT TO SING'!$U$8:$AD$25,MATCH(MAIN!I62,'ROTT TO AG'!$L$6:$L$23,0),8) -> 0.25510204 | L62: =INDEX('ROTT TO SING'!$U$8:$AD$25,MATCH(MAIN!I62,'ROTT TO AG'!$L$6:$L$23,0),10) -> 0.25510204
B63: Finance | C63: =INDEX('ROTT TO SING'!$A$8:$H$25,MATCH(MAIN!B63,'ROTT TO SING'!$A$8:$A$25,0),6) -> 4.0907787 | D63: =INDEX('ROTT TO SING'!$A$8:$H$25,MATCH(MAIN!B63,'ROTT TO SING'!$A$8:$A$25,0),8) -> 4.0907787 | E63: Finance | F63: =INDEX('ROTT TO SING'!$J$8:$S$25,MATCH(MAIN!E63,'ROTT TO SING'!$J$8:$J$25,0),6) -> 4.0907787 | G63: =INDEX('ROTT TO SING'!$J$8:$S$25,MATCH(MAIN!E63,'ROTT TO SING'!$J$8:$J$25,0),8) -> 4.0907787 | H63: =INDEX('ROTT TO SING'!$J$8:$S$25,MATCH(MAIN!E63,'ROTT TO SING'!$J$8:$J$25,0),10) -> 4.0500938 | I63: Finance | J63: =INDEX('ROTT TO SING'!$U$8:$AD$25,MATCH(MAIN!I63,'ROTT TO AG'!$L$6:$L$23,0),6) -> 4.0907787 | K63: =INDEX('ROTT TO SING'!$U$8:$AD$25,MATCH(MAIN!I63,'ROTT TO AG'!$L$6:$L$23,0),8) -> 4.0907787 | L63: =INDEX('ROTT TO SING'!$U$8:$AD$25,MATCH(MAIN!I63,'ROTT TO AG'!$L$6:$L$23,0),10) -> 4.0500938
B64: Heat | C64: =INDEX('ROTT TO SING'!$A$8:$H$25,MATCH(MAIN!B64,'ROTT TO SING'!$A$8:$A$25,0),6) -> 0 | D64: =INDEX('ROTT TO SING'!$A$8:$H$25,MATCH(MAIN!B64,'ROTT TO SING'!$A$8:$A$25,0),8) -> 0 | E64: Heat | F64: =INDEX('ROTT TO SING'!$J$8:$S$25,MATCH(MAIN!E64,'ROTT TO SING'!$J$8:$J$25,0),6) -> 0 | G64: =INDEX('ROTT TO SING'!$J$8:$S$25,MATCH(MAIN!E64,'ROTT TO SING'!$J$8:$J$25,0),8) -> 0 | H64: =INDEX('ROTT TO SING'!$J$8:$S$25,MATCH(MAIN!E64,'ROTT TO SING'!$J$8:$J$25,0),10) -> 0 | I64: Heat | J64: =INDEX('ROTT TO SING'!$U$8:$AD$25,MATCH(MAIN!I64,'ROTT TO AG'!$L$6:$L$23,0),6) -> 0 | K64: =INDEX('ROTT TO SING'!$U$8:$AD$25,MATCH(MAIN!I64,'ROTT TO AG'!$L$6:$L$23,0),8) -> 0 | L64: =INDEX('ROTT TO SING'!$U$8:$AD$25,MATCH(MAIN!I64,'ROTT TO AG'!$L$6:$L$23,0),10) -> 0
B65: LC charges | C65: =INDEX('ROTT TO SING'!$A$8:$H$25,MATCH(MAIN!B65,'ROTT TO SING'!$A$8:$A$25,0),6) -> 0.33934869 | D65: =INDEX('ROTT TO SING'!$A$8:$H$25,MATCH(MAIN!B65,'ROTT TO SING'!$A$8:$A$25,0),8) -> 0.33934869 | E65: LC charges | F65: =INDEX('ROTT TO SING'!$J$8:$S$25,MATCH(MAIN!E65,'ROTT TO SING'!$J$8:$J$25,0),6) -> 0.33934869 | G65: =INDEX('ROTT TO SING'!$J$8:$S$25,MATCH(MAIN!E65,'ROTT TO SING'!$J$8:$J$25,0),8) -> 0.33934869 | H65: =INDEX('ROTT TO SING'!$J$8:$S$25,MATCH(MAIN!E65,'ROTT TO SING'!$J$8:$J$25,0),10) -> 0.33597369 | I65: LC charges | J65: =INDEX('ROTT TO SING'!$U$8:$AD$25,MATCH(MAIN!I65,'ROTT TO AG'!$L$6:$L$23,0),6) -> 0.33934869 | K65: =INDEX('ROTT TO SING'!$U$8:$AD$25,MATCH(MAIN!I65,'ROTT TO AG'!$L$6:$L$23,0),8) -> 0.33934869 | L65: =INDEX('ROTT TO SING'!$U$8:$AD$25,MATCH(MAIN!I65,'ROTT TO AG'!$L$6:$L$23,0),10) -> 0.33597369
B66: Outturn loss | C66: =INDEX('ROTT TO SING'!$A$8:$H$25,MATCH(MAIN!B66,'ROTT TO SING'!$A$8:$A$25,0),6) -> 1.17975 | D66: =INDEX('ROTT TO SING'!$A$8:$H$25,MATCH(MAIN!B66,'ROTT TO SING'!$A$8:$A$25,0),8) -> 1.16925 | E66: Outturn loss | F66: =INDEX('ROTT TO SING'!$J$8:$S$25,MATCH(MAIN!E66,'ROTT TO SING'!$J$8:$J$25,0),6) -> 1.18125 | G66: =INDEX('ROTT TO SING'!$J$8:$S$25,MATCH(MAIN!E66,'ROTT TO SING'!$J$8:$J$25,0),8) -> 1.17975 | H66: =INDEX('ROTT TO SING'!$J$8:$S$25,MATCH(MAIN!E66,'ROTT TO SING'!$J$8:$J$25,0),10) -> 1.17975 | I66: Outturn loss | J66: =INDEX('ROTT TO SING'!$U$8:$AD$25,MATCH(MAIN!I66,'ROTT TO AG'!$L$6:$L$23,0),6) -> 1.18125 | K66: =INDEX('ROTT TO SING'!$U$8:$AD$25,MATCH(MAIN!I66,'ROTT TO AG'!$L$6:$L$23,0),8) -> 1.17975 | L66: =INDEX('ROTT TO SING'!$U$8:$AD$25,MATCH(MAIN!I66,'ROTT TO AG'!$L$6:$L$23,0),10) -> 1.17975
B67: Inspection | C67: =INDEX('ROTT TO SING'!$A$8:$H$25,MATCH(MAIN!B67,'ROTT TO SING'!$A$8:$A$25,0),6) -> 0.046296296 | D67: =INDEX('ROTT TO SING'!$A$8:$H$25,MATCH(MAIN!B67,'ROTT TO SING'!$A$8:$A$25,0),8) -> 0.046296296 | E67: Inspection | F67: =INDEX('ROTT TO SING'!$J$8:$S$25,MATCH(MAIN!E67,'ROTT TO SING'!$J$8:$J$25,0),6) -> 0.083333333 | G67: =INDEX('ROTT TO SING'!$J$8:$S$25,MATCH(MAIN!E67,'ROTT TO SING'!$J$8:$J$25,0),8) -> 0.083333333 | H67: =INDEX('ROTT TO SING'!$J$8:$S$25,MATCH(MAIN!E67,'ROTT TO SING'!$J$8:$J$25,0),10) -> 0.083333333 | I67: Inspection | J67: =INDEX('ROTT TO SING'!$U$8:$AD$25,MATCH(MAIN!I67,'ROTT TO AG'!$L$6:$L$23,0),6) -> 0.12755102 | K67: =INDEX('ROTT TO SING'!$U$8:$AD$25,MATCH(MAIN!I67,'ROTT TO AG'!$L$6:$L$23,0),8) -> 0.12755102 | L67: =INDEX('ROTT TO SING'!$U$8:$AD$25,MATCH(MAIN!I67,'ROTT TO AG'!$L$6:$L$23,0),10) -> 0.12755102
B68: Overage Insurance | C68: =INDEX('ROTT TO SING'!$A$8:$H$25,MATCH(MAIN!B68,'ROTT TO SING'!$A$8:$A$25,0),6) -> 0.0046296296 | D68: =INDEX('ROTT TO SING'!$A$8:$H$25,MATCH(MAIN!B68,'ROTT TO SING'!$A$8:$A$25,0),8) -> 0.0046296296 | E68: Overage Insurance | F68: =INDEX('ROTT TO SING'!$J$8:$S$25,MATCH(MAIN!E68,'ROTT TO SING'!$J$8:$J$25,0),6) -> 0.0083333333 | G68: =INDEX('ROTT TO SING'!$J$8:$S$25,MATCH(MAIN!E68,'ROTT TO SING'!$J$8:$J$25,0),8) -> 0.0083333333 | H68: =INDEX('ROTT TO SING'!$J$8:$S$25,MATCH(MAIN!E68,'ROTT TO SING'!$J$8:$J$25,0),10) -> 0.0083333333 | I68: Overage Insurance | J68: =INDEX('ROTT TO SING'!$U$8:$AD$25,MATCH(MAIN!I68,'ROTT TO AG'!$L$6:$L$23,0),6) -> 0.012755102 | K68: =INDEX('ROTT TO SING'!$U$8:$AD$25,MATCH(MAIN!I68,'ROTT TO AG'!$L$6:$L$23,0),8) -> 0.012755102 | L68: =INDEX('ROTT TO SING'!$U$8:$AD$25,MATCH(MAIN!I68,'ROTT TO AG'!$L$6:$L$23,0),10) -> 0.012755102
... B74: ROLL - COST | C74: =INDEX('ROTT TO SING'!$A$8:$H$25,MATCH(MAIN!B74,'ROTT TO SING'!$A$8:$A$25,0),6) -> 0.84605692 | D74: =INDEX('ROTT TO SING'!$A$8:$H$25,MATCH(MAIN!B74,'ROTT TO SING'!$A$8:$A$25,0),8) -> 1.5762539 | E74: ROLL - COST | F74: =INDEX('ROTT TO SING'!$J$8:$S$25,MATCH(MAIN!E74,'ROTT TO SING'!$J$8:$J$25,0),6) -> -14.288877 | G74: =INDEX('ROTT TO SING'!$J$8:$S$25,MATCH(MAIN!E74,'ROTT TO SING'!$J$8:$J$25,0),8) -> -13.412377 | H74: =INDEX('ROTT TO SING'!$J$8:$S$25,MATCH(MAIN!E74,'ROTT TO SING'!$J$8:$J$25,0),10) -> -12.493317 | I74: ROLL - COST | J74: =INDEX('ROTT TO SING'!$U$8:$AD$25,MATCH(MAIN!I74,'ROTT TO AG'!$L$6:$L$23,0),6) -> -27.061122 | K74: =INDEX('ROTT TO SING'!$U$8:$AD$25,MATCH(MAIN!I74,'ROTT TO AG'!$L$6:$L$23,0),8) -> -26.184622 | L74: =INDEX('ROTT TO SING'!$U$8:$AD$25,MATCH(MAIN!I74,'ROTT TO AG'!$L$6:$L$23,0),10) -> -25.265562
B75: Loading Month | C75: =C50 -> 45910 | D75: =D50 -> 45924 | E75: Loading Month | F75: =F50 -> 45903 | G75: =G50 -> 45917 | H75: =H50 -> 45931 | I75: Loading Month | J75: =J50 -> 45903 | K75: =K50 -> 45944 | L75: =L50 -> 45958
A76: 0.5 | C76: =C96+C77-C78 -> 3.1560569 | D76: =D96+D77-D78 -> 3.8862539 | F76: =F96+F77-F78 -> -11.978877 | G76: =G96+G77-G78 -> -11.102377 | H76: =H96+H77-H78 -> -10.183317 | J76: =J96+J77-J78 -> -24.751122 | K76: =K96+K77-K78 -> -23.874622 | L76: =L96+L77-L78 -> -22.955562
B77: Sale premium | C77: =INDEX(Premium!$A$2:$D$12,MATCH(MAIN!$A76,Premium!$A$2:$A$12,0),MATCH(EOMONTH(MAIN!C53,-1)+1,Premium!$A$2:$D$2,0)) -> 2.6 | D77: =INDEX(Premium!$A$2:$D$12,MATCH(MAIN!$A76,Premium!$A$2:$A$12,0),MATCH(EOMONTH(MAIN!D53,-1)+1,Premium!$A$2:$D$2,0)) -> 2.6 | E77: Sale premium | F77: =INDEX(Premium!$A$2:$D$12,MATCH(MAIN!$A76,Premium!$A$2:$A$12,0),MATCH(EOMONTH(MAIN!F53,-1)+1,Premium!$A$2:$D$2,0)) -> 2.6 | G77: =INDEX(Premium!$A$2:$D$12,MATCH(MAIN!$A76,Premium!$A$2:$A$12,0),MATCH(EOMONTH(MAIN!G53,-1)+1,Premium!$A$2:$D$2,0)) -> 2.6 | H77: =INDEX(Premium!$A$2:$D$12,MATCH(MAIN!$A76,Premium!$A$2:$A$12,0),MATCH(EOMONTH(MAIN!H53,-1)+1,Premium!$A$2:$D$2,0)) -> 2.6 | I77: =INDEX(Premium!$A$2:$D$12,MATCH(MAIN!$A76,Premium!$A$2:$A$12,0),MATCH(EOMONTH(MAIN!I53,-1)+1,Premium!$A$2:$D$2,0)) -> #NUM! | J77: =INDEX(Premium!$A$2:$D$12,MATCH(MAIN!$A76,Premium!$A$2:$A$12,0),MATCH(EOMONTH(MAIN!J53,-1)+1,Premium!$A$2:$D$2,0)) -> 2.6 | K77: =INDEX(Premium!$A$2:$D$12,MATCH(MAIN!$A76,Premium!$A$2:$A$12,0),MATCH(EOMONTH(MAIN!K53,-1)+1,Premium!$A$2:$D$2,0)) -> 2.6 | L77: =INDEX(Premium!$A$2:$D$12,MATCH(MAIN!$A76,Premium!$A$2:$A$12,0),MATCH(EOMONTH(MAIN!L53,-1)+1,Premium!$A$2:$D$2,0)) -> 2.6
B78: Purchase Prem VS Barges | C78: =INDEX(Premium!$A$21:$D$29,MATCH(MAIN!$A76,Premium!$A$21:$A$29,0),MATCH(EOMONTH(MAIN!C97,-1)+1,Premium!$A$21:$D$21,0)) -> 0.29 | D78: =INDEX(Premium!$A$21:$D$29,MATCH(MAIN!$A76,Premium!$A$21:$A$29,0),MATCH(EOMONTH(MAIN!D97,-1)+1,Premium!$A$21:$D$21,0)) -> 0.29 | E78: Purchase Prem VS Barges | F78: =INDEX(Premium!$A$21:$D$29,MATCH(MAIN!$A76,Premium!$A$21:$A$29,0),MATCH(EOMONTH(MAIN!F97,-1)+1,Premium!$A$21:$D$21,0)) -> 0.29 | G78: =INDEX(Premium!$A$21:$D$29,MATCH(MAIN!$A76,Premium!$A$21:$A$29,0),MATCH(EOMONTH(MAIN!G97,-1)+1,Premium!$A$21:$D$21,0)) -> 0.29 | H78: =INDEX(Premium!$A$21:$D$29,MATCH(MAIN!$A76,Premium!$A$21:$A$29,0),MATCH(EOMONTH(MAIN!H97,-1)+1,Premium!$A$21:$D$21,0)) -> 0.29 | I78: Purchase Prem VS Barges | J78: =INDEX(Premium!$A$21:$D$29,MATCH(MAIN!$A76,Premium!$A$21:$A$29,0),MATCH(EOMONTH(MAIN!J97,-1)+1,Premium!$A$21:$D$21,0)) -> 0.29 | K78: =INDEX(Premium!$A$21:$D$29,MATCH(MAIN!$A76,Premium!$A$21:$A$29,0),MATCH(EOMONTH(MAIN!K97,-1)+1,Premium!$A$21:$D$21,0)) -> 0.29 | L78: =INDEX(Premium!$A$21:$D$29,MATCH(MAIN!$A76,Premium!$A$21:$A$29,0),MATCH(EOMONTH(MAIN!L97,-1)+1,Premium!$A$21:$D$21,0)) -> 0.29
B79: Freight | C79: =INDEX('ROTT TO SING'!$A$8:$H$25,MATCH(MAIN!B79,'ROTT TO SING'!$A$8:$A$25,0),6) -> 20.740741 | D79: =INDEX('ROTT TO SING'!$A$8:$H$25,MATCH(MAIN!B79,'ROTT TO SING'!$A$8:$A$25,0),8) -> 20.740741 | E79: Freight | F79: =INDEX('ROTT TO SING'!$J$8:$S$25,MATCH(MAIN!E79,'ROTT TO SING'!$J$8:$J$25,0),6) -> 34 | G79: =INDEX('ROTT TO SING'!$J$8:$S$25,MATCH(MAIN!E79,'ROTT TO SING'!$J$8:$J$25,0),8) -> 34 | H79: =INDEX('ROTT TO SING'!$J$8:$S$25,MATCH(MAIN!E79,'ROTT TO SING'!$J$8:$J$25,0),10) -> 34 | I79: Freight | J79: =INDEX('ROTT TO SING'!$U$8:$AD$25,MATCH(MAIN!I79,'ROTT TO AG'!$L$6:$L$23,0),6) -> 46.938776 | K79: =INDEX('ROTT TO SING'!$U$8:$AD$25,MATCH(MAIN!I79,'ROTT TO AG'!$L$6:$L$23,0),8) -> 46.938776 | L79: =INDEX('ROTT TO SING'!$U$8:$AD$25,MATCH(MAIN!I79,'ROTT TO AG'!$L$6:$L$23,0),10) -> 46.938776
B80: Volume | C80: =INDEX('ROTT TO SING'!$A$8:$H$25,MATCH(MAIN!B80,'ROTT TO SING'!$A$8:$A$25,0),6) -> 0 | D80: =INDEX('ROTT TO SING'!$A$8:$H$25,MATCH(MAIN!B80,'ROTT TO SING'!$A$8:$A$25,0),8) -> 0 | E80: Volume | F80: =INDEX('ROTT TO SING'!$J$8:$S$25,MATCH(MAIN!E80,'ROTT TO SING'!$J$8:$J$25,0),6) -> 0 | G80: =INDEX('ROTT TO SING'!$J$8:$S$25,MATCH(MAIN!E80,'ROTT TO SING'!$J$8:$J$25,0),8) -> 0 | H80: =INDEX('ROTT TO SING'!$J$8:$S$25,MATCH(MAIN!E80,'ROTT TO SING'!$J$8:$J$25,0),10) -> 0 | I80: Volume | J80: =INDEX('ROTT TO SING'!$U$8:$AD$25,MATCH(MAIN!I80,'ROTT TO AG'!$L$6:$L$23,0),6) -> 0 | K80: =INDEX('ROTT TO SING'!$U$8:$AD$25,MATCH(MAIN!I80,'ROTT TO AG'!$L$6:$L$23,0),8) -> 0 | L80: =INDEX('ROTT TO SING'!$U$8:$AD$25,MATCH(MAIN!I80,'ROTT TO AG'!$L$6:$L$23,0),10) -> 0
B81: Demurrage | C81: =INDEX('ROTT TO SING'!$A$8:$H$25,MATCH(MAIN!B81,'ROTT TO SING'!$A$8:$A$25,0),6) -> 2.037037 | D81: =INDEX('ROTT TO SING'!$A$8:$H$25,MATCH(MAIN!B81,'ROTT TO SING'!$A$8:$A$25,0),8) -> 2.037037 | E81: Demurrage | F81: =INDEX('ROTT TO SING'!$J$8:$S$25,MATCH(MAIN!E81,'ROTT TO SING'!$J$8:$J$25,0),6) -> 2.6833333 | G81: =INDEX('ROTT TO SING'!$J$8:$S$25,MATCH(MAIN!E81,'ROTT TO SING'!$J$8:$J$25,0),8) -> 2.6833333 | H81: =INDEX('ROTT TO SING'!$J$8:$S$25,MATCH(MAIN!E81,'ROTT TO SING'!$J$8:$J$25,0),10) -> 2.6833333 | I81: Demurrage | J81: =INDEX('ROTT TO SING'!$U$8:$AD$25,MATCH(MAIN!I81,'ROTT TO AG'!$L$6:$L$23,0),6) -> 2.1683673 | K81: =INDEX('ROTT TO SING'!$U$8:$AD$25,MATCH(MAIN!I81,'ROTT TO AG'!$L$6:$L$23,0),8) -> 2.1683673 | L81: =INDEX('ROTT TO SING'!$U$8:$AD$25,MATCH(MAIN!I81,'ROTT TO AG'!$L$6:$L$23,0),10) -> 2.1683673
B82: Insurance | C82: =INDEX('ROTT TO SING'!$A$8:$H$25,MATCH(MAIN!B82,'ROTT TO SING'!$A$8:$A$25,0),6) -> 0.031481481 | D82: =INDEX('ROTT TO SING'!$A$8:$H$25,MATCH(MAIN!B82,'ROTT TO SING'!$A$8:$A$25,0),8) -> 0.031481481 | E82: Insurance | F82: =INDEX('ROTT TO SING'!$J$8:$S$25,MATCH(MAIN!E82,'ROTT TO SING'!$J$8:$J$25,0),6) -> 0.056666667 | G82: =INDEX('ROTT TO SING'!$J$8:$S$25,MATCH(MAIN!E82,'ROTT TO SING'!$J$8:$J$25,0),8) -> 0.056666667 | H82: =INDEX('ROTT TO SING'!$J$8:$S$25,MATCH(MAIN!E82,'ROTT TO SING'!$J$8:$J$25,0),10) -> 0.056666667 | I82: Insurance | J82: =INDEX('ROTT TO SING'!$U$8:$AD$25,MATCH(MAIN!I82,'ROTT TO AG'!$L$6:$L$23,0),6) -> 0.086734694 | K82: =INDEX('ROTT TO SING'!$U$8:$AD$25,MATCH(MAIN!I82,'ROTT TO AG'!$L$6:$L$23,0),8) -> 0.086734694 | L82: =INDEX('ROTT TO SING'!$U$8:$AD$25,MATCH(MAIN!I82,'ROTT TO AG'!$L$6:$L$23,0),10) -> 0.086734694
B83: Loading PC | C83: =INDEX('ROTT TO SING'!$A$8:$H$25,MATCH(MAIN!B83,'ROTT TO SING'!$A$8:$A$25,0),6) -> 0.092592593 | D83: =INDEX('ROTT TO SING'!$A$8:$H$25,MATCH(MAIN!B83,'ROTT TO SING'!$A$8:$A$25,0),8) -> 0.092592593 | E83: Loading PC | F83: =INDEX('ROTT TO SING'!$J$8:$S$25,MATCH(MAIN!E83,'ROTT TO SING'!$J$8:$J$25,0),6) -> 0.16666667 | G83: =INDEX('ROTT TO SING'!$J$8:$S$25,MATCH(MAIN!E83,'ROTT TO SING'!$J$8:$J$25,0),8) -> 0.16666667 | H83: =INDEX('ROTT TO SING'!$J$8:$S$25,MATCH(MAIN!E83,'ROTT TO SING'!$J$8:$J$25,0),10) -> 0.16666667 | I83: Loading PC | J83: =INDEX('ROTT TO SING'!$U$8:$AD$25,MATCH(MAIN!I83,'ROTT TO AG'!$L$6:$L$23,0),6) -> 0.25510204 | K83: =INDEX('ROTT TO SING'!$U$8:$AD$25,MATCH(MAIN!I83,'ROTT TO AG'!$L$6:$L$23,0),8) -> 0.25510204 | L83: =INDEX('ROTT TO SING'!$U$8:$AD$25,MATCH(MAIN!I83,'ROTT TO AG'!$L$6:$L$23,0),10) -> 0.25510204
B84: Discharge PC | C84: =INDEX('ROTT TO SING'!$A$8:$H$25,MATCH(MAIN!B84,'ROTT TO SING'!$A$8:$A$25,0),6) -> 0.092592593 | D84: =INDEX('ROTT TO SING'!$A$8:$H$25,MATCH(MAIN!B84,'ROTT TO SING'!$A$8:$A$25,0),8) -> 0.092592593 | E84: Discharge PC | F84: =INDEX('ROTT TO SING'!$J$8:$S$25,MATCH(MAIN!E84,'ROTT TO SING'!$J$8:$J$25,0),6) -> 0.16666667 | G84: =INDEX('ROTT TO SING'!$J$8:$S$25,MATCH(MAIN!E84,'ROTT TO SING'!$J$8:$J$25,0),8) -> 0.16666667 | H84: =INDEX('ROTT TO SING'!$J$8:$S$25,MATCH(MAIN!E84,'ROTT TO SING'!$J$8:$J$25,0),10) -> 0.16666667 | I84: Discharge PC | J84: =INDEX('ROTT TO SING'!$U$8:$AD$25,MATCH(MAIN!I84,'ROTT TO AG'!$L$6:$L$23,0),6) -> 0.25510204 | K84: =INDEX('ROTT TO SING'!$U$8:$AD$25,MATCH(MAIN!I84,'ROTT TO AG'!$L$6:$L$23,0),8) -> 0.25510204 | L84: =INDEX('ROTT TO SING'!$U$8:$AD$25,MATCH(MAIN!I84,'ROTT TO AG'!$L$6:$L$23,0),10) -> 0.25510204
B85: Finance | C85: =INDEX('ROTT TO SING'!$A$8:$H$25,MATCH(MAIN!B85,'ROTT TO SING'!$A$8:$A$25,0),6) -> 4.0907787 | D85: =INDEX('ROTT TO SING'!$A$8:$H$25,MATCH(MAIN!B85,'ROTT TO SING'!$A$8:$A$25,0),8) -> 4.0907787 | E85: Finance | F85: =INDEX('ROTT TO SING'!$J$8:$S$25,MATCH(MAIN!E85,'ROTT TO SING'!$J$8:$J$25,0),6) -> 4.0907787 | G85: =INDEX('ROTT TO SING'!$J$8:$S$25,MATCH(MAIN!E85,'ROTT TO SING'!$J$8:$J$25,0),8) -> 4.0907787 | H85: =INDEX('ROTT TO SING'!$J$8:$S$25,MATCH(MAIN!E85,'ROTT TO SING'!$J$8:$J$25,0),10) -> 4.0500938 | I85: Finance | J85: =INDEX('ROTT TO SING'!$U$8:$AD$25,MATCH(MAIN!I85,'ROTT TO AG'!$L$6:$L$23,0),6) -> 4.0907787 | K85: =INDEX('ROTT TO SING'!$U$8:$AD$25,MATCH(MAIN!I85,'ROTT TO AG'!$L$6:$L$23,0),8) -> 4.0907787 | L85: =INDEX('ROTT TO SING'!$U$8:$AD$25,MATCH(MAIN!I85,'ROTT TO AG'!$L$6:$L$23,0),10) -> 4.0500938
B86: Heat | C86: =INDEX('ROTT TO SING'!$A$8:$H$25,MATCH(MAIN!B86,'ROTT TO SING'!$A$8:$A$25,0),6) -> 0 | D86: =INDEX('ROTT TO SING'!$A$8:$H$25,MATCH(MAIN!B86,'ROTT TO SING'!$A$8:$A$25,0),8) -> 0 | E86: Heat | F86: =INDEX('ROTT TO SING'!$J$8:$S$25,MATCH(MAIN!E86,'ROTT TO SING'!$J$8:$J$25,0),6) -> 0 | G86: =INDEX('ROTT TO SING'!$J$8:$S$25,MATCH(MAIN!E86,'ROTT TO SING'!$J$8:$J$25,0),8) -> 0 | H86: =INDEX('ROTT TO SING'!$J$8:$S$25,MATCH(MAIN!E86,'ROTT TO SING'!$J$8:$J$25,0),10) -> 0 | I86: Heat | J86: =INDEX('ROTT TO SING'!$U$8:$AD$25,MATCH(MAIN!I86,'ROTT TO AG'!$L$6:$L$23,0),6) -> 0 | K86: =INDEX('ROTT TO SING'!$U$8:$AD$25,MATCH(MAIN!I86,'ROTT TO AG'!$L$6:$L$23,0),8) -> 0 | L86: =INDEX('ROTT TO SING'!$U$8:$AD$25,MATCH(MAIN!I86,'ROTT TO AG'!$L$6:$L$23,0),10) -> 0
B87: LC charges | C87: =INDEX('ROTT TO SING'!$A$8:$H$25,MATCH(MAIN!B87,'ROTT TO SING'!$A$8:$A$25,0),6) -> 0.33934869 | D87: =INDEX('ROTT TO SING'!$A$8:$H$25,MATCH(MAIN!B87,'ROTT TO SING'!$A$8:$A$25,0),8) -> 0.33934869 | E87: LC charges | F87: =INDEX('ROTT TO SING'!$J$8:$S$25,MATCH(MAIN!E87,'ROTT TO SING'!$J$8:$J$25,0),6) -> 0.33934869 | G87: =INDEX('ROTT TO SING'!$J$8:$S$25,MATCH(MAIN!E87,'ROTT TO SING'!$J$8:$J$25,0),8) -> 0.33934869 | H87: =INDEX('ROTT TO SING'!$J$8:$S$25,MATCH(MAIN!E87,'ROTT TO SING'!$J$8:$J$25,0),10) -> 0.33597369 | I87: LC charges | J87: =INDEX('ROTT TO SING'!$U$8:$AD$25,MATCH(MAIN!I87,'ROTT TO AG'!$L$6:$L$23,0),6) -> 0.33934869 | K87: =INDEX('ROTT TO SING'!$U$8:$AD$25,MATCH(MAIN!I87,'ROTT TO AG'!$L$6:$L$23,0),8) -> 0.33934869 | L87: =INDEX('ROTT TO SING'!$U$8:$AD$25,MATCH(MAIN!I87,'ROTT TO AG'!$L$6:$L$23,0),10) -> 0.33597369
B88: Outturn loss | C88: =INDEX('ROTT TO SING'!$A$8:$H$25,MATCH(MAIN!B88,'ROTT TO SING'!$A$8:$A$25,0),6) -> 1.17975 | D88: =INDEX('ROTT TO SING'!$A$8:$H$25,MATCH(MAIN!B88,'ROTT TO SING'!$A$8:$A$25,0),8) -> 1.16925 | E88: Outturn loss | F88: =INDEX('ROTT TO SING'!$J$8:$S$25,MATCH(MAIN!E88,'ROTT TO SING'!$J$8:$J$25,0),6) -> 1.18125 | G88: =INDEX('ROTT TO SING'!$J$8:$S$25,MATCH(MAIN!E88,'ROTT TO SING'!$J$8:$J$25,0),8) -> 1.17975 | H88: =INDEX('ROTT TO SING'!$J$8:$S$25,MATCH(MAIN!E88,'ROTT TO SING'!$J$8:$J$25,0),10) -> 1.17975 | I88: Outturn loss | J88: =INDEX('ROTT TO SING'!$U$8:$AD$25,MATCH(MAIN!I88,'ROTT TO AG'!$L$6:$L$23,0),6) -> 1.18125 | K88: =INDEX('ROTT TO SING'!$U$8:$AD$25,MATCH(MAIN!I88,'ROTT TO AG'!$L$6:$L$23,0),8) -> 1.17975 | L88: =INDEX('ROTT TO SING'!$U$8:$AD$25,MATCH(MAIN!I88,'ROTT TO AG'!$L$6:$L$23,0),10) -> 1.17975
B89: Inspection | C89: =INDEX('ROTT TO SING'!$A$8:$H$25,MATCH(MAIN!B89,'ROTT TO SING'!$A$8:$A$25,0),6) -> 0.046296296 | D89: =INDEX('ROTT TO SING'!$A$8:$H$25,MATCH(MAIN!B89,'ROTT TO SING'!$A$8:$A$25,0),8) -> 0.046296296 | E89: Inspection | F89: =INDEX('ROTT TO SING'!$J$8:$S$25,MATCH(MAIN!E89,'ROTT TO SING'!$J$8:$J$25,0),6) -> 0.083333333 | G89: =INDEX('ROTT TO SING'!$J$8:$S$25,MATCH(MAIN!E89,'ROTT TO SING'!$J$8:$J$25,0),8) -> 0.083333333 | H89: =INDEX('ROTT TO SING'!$J$8:$S$25,MATCH(MAIN!E89,'ROTT TO SING'!$J$8:$J$25,0),10) -> 0.083333333 | I89: Inspection | J89: =INDEX('ROTT TO SING'!$U$8:$AD$25,MATCH(MAIN!I89,'ROTT TO AG'!$L$6:$L$23,0),6) -> 0.12755102 | K89: =INDEX('ROTT TO SING'!$U$8:$AD$25,MATCH(MAIN!I89,'ROTT TO AG'!$L$6:$L$23,0),8) -> 0.12755102 | L89: =INDEX('ROTT TO SING'!$U$8:$AD$25,MATCH(MAIN!I89,'ROTT TO AG'!$L$6:$L$23,0),10) -> 0.12755102
B90: Overage Insurance | C90: =INDEX('ROTT TO SING'!$A$8:$H$25,MATCH(MAIN!B90,'ROTT TO SING'!$A$8:$A$25,0),6) -> 0.0046296296 | D90: =INDEX('ROTT TO SING'!$A$8:$H$25,MATCH(MAIN!B90,'ROTT TO SING'!$A$8:$A$25,0),8) -> 0.0046296296 | E90: Overage Insurance | F90: =INDEX('ROTT TO SING'!$J$8:$S$25,MATCH(MAIN!E90,'ROTT TO SING'!$J$8:$J$25,0),6) -> 0.0083333333 | G90: =INDEX('ROTT TO SING'!$J$8:$S$25,MATCH(MAIN!E90,'ROTT TO SING'!$J$8:$J$25,0),8) -> 0.0083333333 | H90: =INDEX('ROTT TO SING'!$J$8:$S$25,MATCH(MAIN!E90,'ROTT TO SING'!$J$8:$J$25,0),10) -> 0.0083333333 | I90: Overage Insurance | J90: =INDEX('ROTT TO SING'!$U$8:$AD$25,MATCH(MAIN!I90,'ROTT TO AG'!$L$6:$L$23,0),6) -> 0.012755102 | K90: =INDEX('ROTT TO SING'!$U$8:$AD$25,MATCH(MAIN!I90,'ROTT TO AG'!$L$6:$L$23,0),8) -> 0.012755102 | L90: =INDEX('ROTT TO SING'!$U$8:$AD$25,MATCH(MAIN!I90,'ROTT TO AG'!$L$6:$L$23,0),10) -> 0.012755102
... B96: ROLL - COST | C96: =INDEX('ROTT TO SING'!$A$8:$H$25,MATCH(MAIN!B96,'ROTT TO SING'!$A$8:$A$25,0),6) -> 0.84605692 | D96: =INDEX('ROTT TO SING'!$A$8:$H$25,MATCH(MAIN!B96,'ROTT TO SING'!$A$8:$A$25,0),8) -> 1.5762539 | E96: ROLL - COST | F96: =INDEX('ROTT TO SING'!$J$8:$S$25,MATCH(MAIN!E96,'ROTT TO SING'!$J$8:$J$25,0),6) -> -14.288877 | G96: =INDEX('ROTT TO SING'!$J$8:$S$25,MATCH(MAIN!E96,'ROTT TO SING'!$J$8:$J$25,0),8) -> -13.412377 | H96: =INDEX('ROTT TO SING'!$J$8:$S$25,MATCH(MAIN!E96,'ROTT TO SING'!$J$8:$J$25,0),10) -> -12.493317 | I96: ROLL - COST | J96: =INDEX('ROTT TO SING'!$U$8:$AD$25,MATCH(MAIN!I96,'ROTT TO AG'!$L$6:$L$23,0),6) -> -27.061122 | K96: =INDEX('ROTT TO SING'!$U$8:$AD$25,MATCH(MAIN!I96,'ROTT TO AG'!$L$6:$L$23,0),8) -> -26.184622 | L96: =INDEX('ROTT TO SING'!$U$8:$AD$25,MATCH(MAIN!I96,'ROTT TO AG'!$L$6:$L$23,0),10) -> -25.265562
B97: Loading Month | C97: =C75 -> 45910 | D97: =D75 -> 45924 | E97: Loading Month | F97: =F75 -> 45903 | G97: =G75 -> 45917 | H97: =H75 -> 45931 | I97: Loading Month | J97: =J75 -> 45903 | K97: =K75 -> 45944 | L97: =L75 -> 45958
A100: Rotterdam to AG | F100: SUEZMAX | J100: AFRAMAX
B101: VS Barges | F101: =IF(DAY(F102)<15,"1H-"&VLOOKUP(MONTH(F102),Mapping!$A$1:$B$12,2,0),"2H-"&VLOOKUP(MONTH(F102),Mapping!$A$1:$B$12,2,0)) -> 2H-SEP | G101: =IF(DAY(G102)<15,"1H-"&VLOOKUP(MONTH(G102),Mapping!$A$1:$B$12,2,0),"2H-"&VLOOKUP(MONTH(G102),Mapping!$A$1:$B$12,2,0)) -> 1H-OCT | H101: =IF(DAY(H102)<15,"1H-"&VLOOKUP(MONTH(H102),Mapping!$A$1:$B$12,2,0),"2H-"&VLOOKUP(MONTH(H102),Mapping!$A$1:$B$12,2,0)) -> 2H-OCT | I101: =IF(DAY(I102)<15,"1H-"&VLOOKUP(MONTH(I102),Mapping!$A$1:$B$12,2,0),"2H-"&VLOOKUP(MONTH(I102),Mapping!$A$1:$B$12,2,0)) -> 1H-JAN | J101: =IF(DAY(J102)<15,"1H-"&VLOOKUP(MONTH(J102),Mapping!$A$1:$B$12,2,0),"2H-"&VLOOKUP(MONTH(J102),Mapping!$A$1:$B$12,2,0)) -> 2H-SEP | K101: =IF(DAY(K102)<15,"1H-"&VLOOKUP(MONTH(K102),Mapping!$A$1:$B$12,2,0),"2H-"&VLOOKUP(MONTH(K102),Mapping!$A$1:$B$12,2,0)) -> 1H-OCT | L101: =IF(DAY(L102)<15,"1H-"&VLOOKUP(MONTH(L102),Mapping!$A$1:$B$12,2,0),"2H-"&VLOOKUP(MONTH(L102),Mapping!$A$1:$B$12,2,0)) -> 2H-OCT
B102: VS Barges | F102: ='Loading Arrival'!B35 -> 45923 | G102: ='ROTT TO AG'!G24 -> 45944 | H102: ='ROTT TO AG'!I24 -> 45958 | J102: =F102 -> 45923 | K102: =G102 -> 45944 | L102: =H102 -> 45958
A103: RMG AG | F103: =F123+F104-F105 -> -200.82544 | G103: =G123+G104-G105 -> -200.8321 | H103: =H123+H104-H105 -> -200.62872 | J103: =J123+J104-J105 -> -210.58972 | K103: =K123+K104-K105 -> -210.59639 | L103: =L123+L104-L105 -> -210.39301
B104: Sale Premium | E104: Sale premium | F104: =INDEX(Premium!$A$2:$D$12,MATCH(MAIN!$A103,Premium!$A$2:$A$12,0),MATCH(EOMONTH(MAIN!F102,-1)+1,Premium!$A$2:$D$2,0)) -> -29.17 | G104: =INDEX(Premium!$A$2:$D$12,MATCH(MAIN!$A103,Premium!$A$2:$A$12,0),MATCH(EOMONTH(MAIN!G102,-1)+1,Premium!$A$2:$D$2,0)) -> -29.17 | H104: =INDEX(Premium!$A$2:$D$12,MATCH(MAIN!$A103,Premium!$A$2:$A$12,0),MATCH(EOMONTH(MAIN!H102,-1)+1,Premium!$A$2:$D$2,0)) -> -29.17 | I104: Sale premium | J104: =INDEX(Premium!$A$2:$D$12,MATCH(MAIN!$A103,Premium!$A$2:$A$12,0),MATCH(EOMONTH(MAIN!J102,-1)+1,Premium!$A$2:$D$2,0)) -> -29.17 | K104: =INDEX(Premium!$A$2:$D$12,MATCH(MAIN!$A103,Premium!$A$2:$A$12,0),MATCH(EOMONTH(MAIN!K102,-1)+1,Premium!$A$2:$D$2,0)) -> -29.17 | L104: =INDEX(Premium!$A$2:$D$12,MATCH(MAIN!$A103,Premium!$A$2:$A$12,0),MATCH(EOMONTH(MAIN!L102,-1)+1,Premium!$A$2:$D$2,0)) -> -29.17
B105: Purchase Premium | E105: Purchase Prem VS Barges | F105: =INDEX(Premium!$A$21:$D$29,MATCH(LEFT(MAIN!$A103,3),Premium!$A$21:$A$29,0),MATCH(EOMONTH(MAIN!F124,-1)+1,Premium!$A$21:$D$21,0)) -> 3 | G105: =INDEX(Premium!$A$21:$D$29,MATCH(LEFT(MAIN!$A103,3),Premium!$A$21:$A$29,0),MATCH(EOMONTH(MAIN!G124,-1)+1,Premium!$A$21:$D$21,0)) -> 3 | H105: =INDEX(Premium!$A$21:$D$29,MATCH(LEFT(MAIN!$A103,3),Premium!$A$21:$A$29,0),MATCH(EOMONTH(MAIN!H124,-1)+1,Premium!$A$21:$D$21,0)) -> 3 | I105: Purchase Prem VS Barges | J105: =INDEX(Premium!$A$21:$D$29,MATCH(LEFT(MAIN!$A103,3),Premium!$A$21:$A$29,0),MATCH(EOMONTH(MAIN!J124,-1)+1,Premium!$A$21:$D$21,0)) -> 3 | K105: =INDEX(Premium!$A$21:$D$29,MATCH(LEFT(MAIN!$A103,3),Premium!$A$21:$A$29,0),MATCH(EOMONTH(MAIN!K124,-1)+1,Premium!$A$21:$D$21,0)) -> 3 | L105: =INDEX(Premium!$A$21:$D$29,MATCH(LEFT(MAIN!$A103,3),Premium!$A$21:$A$29,0),MATCH(EOMONTH(MAIN!L124,-1)+1,Premium!$A$21:$D$21,0)) -> 3
B106: Freight | E106: Freight | F106: =INDEX('ROTT TO AG'!$A$6:$J$23,MATCH(MAIN!E106,'ROTT TO SING'!$J$8:$J$25,0),5) -> 32.666667 | G106: =INDEX('ROTT TO AG'!$A$6:$J$23,MATCH(MAIN!E106,'ROTT TO SING'!$J$8:$J$25,0),7) -> 32.666667 | H106: =INDEX('ROTT TO AG'!$A$6:$J$23,MATCH(MAIN!E106,'ROTT TO SING'!$J$8:$J$25,0),9) -> 32.666667 | I106: Freight | J106: =INDEX('ROTT TO AG'!$L$6:$U$23,MATCH(MAIN!I106,'ROTT TO AG'!$L$6:$L$23,0),5) -> 42.857143 | K106: =INDEX('ROTT TO AG'!$L$6:$U$23,MATCH(MAIN!I106,'ROTT TO AG'!$L$6:$L$23,0),7) -> 42.857143 | L106: =INDEX('ROTT TO AG'!$L$6:$U$23,MATCH(MAIN!I106,'ROTT TO AG'!$L$6:$L$23,0),9) -> 42.857143
B107: Volume | E107: Volume | F107: =INDEX('ROTT TO AG'!$A$6:$J$23,MATCH(MAIN!E107,'ROTT TO SING'!$J$8:$J$25,0),5) -> 0 | G107: =INDEX('ROTT TO AG'!$A$6:$J$23,MATCH(MAIN!E107,'ROTT TO SING'!$J$8:$J$25,0),7) -> 0 | H107: =INDEX('ROTT TO AG'!$A$6:$J$23,MATCH(MAIN!E107,'ROTT TO SING'!$J$8:$J$25,0),9) -> 0 | I107: Volume | J107: =INDEX('ROTT TO AG'!$L$6:$U$23,MATCH(MAIN!I107,'ROTT TO AG'!$L$6:$L$23,0),5) -> 0 | K107: =INDEX('ROTT TO AG'!$L$6:$U$23,MATCH(MAIN!I107,'ROTT TO AG'!$L$6:$L$23,0),7) -> 0 | L107: =INDEX('ROTT TO AG'!$L$6:$U$23,MATCH(MAIN!I107,'ROTT TO AG'!$L$6:$L$23,0),9) -> 0
B108: Demurrage | E108: Demurrage | F108: =INDEX('ROTT TO AG'!$A$6:$J$23,MATCH(MAIN!E108,'ROTT TO SING'!$J$8:$J$25,0),5) -> 3.8333333 | G108: =INDEX('ROTT TO AG'!$A$6:$J$23,MATCH(MAIN!E108,'ROTT TO SING'!$J$8:$J$25,0),7) -> 3.8333333 | H108: =INDEX('ROTT TO AG'!$A$6:$J$23,MATCH(MAIN!E108,'ROTT TO SING'!$J$8:$J$25,0),9) -> 3.8333333 | I108: Demurrage | J108: =INDEX('ROTT TO AG'!$L$6:$U$23,MATCH(MAIN!I108,'ROTT TO AG'!$L$6:$L$23,0),5) -> 3.0357143 | K108: =INDEX('ROTT TO AG'!$L$6:$U$23,MATCH(MAIN!I108,'ROTT TO AG'!$L$6:$L$23,0),7) -> 3.0357143 | L108: =INDEX('ROTT TO AG'!$L$6:$U$23,MATCH(MAIN!I108,'ROTT TO AG'!$L$6:$L$23,0),9) -> 3.0357143
B109: Insurance | E109: Insurance | F109: =INDEX('ROTT TO AG'!$A$6:$J$23,MATCH(MAIN!E109,'ROTT TO SING'!$J$8:$J$25,0),5) -> 0.1 | G109: =INDEX('ROTT TO AG'!$A$6:$J$23,MATCH(MAIN!E109,'ROTT TO SING'!$J$8:$J$25,0),7) -> 0.1 | H109: =INDEX('ROTT TO AG'!$A$6:$J$23,MATCH(MAIN!E109,'ROTT TO SING'!$J$8:$J$25,0),9) -> 0.1 | I109: Insurance | J109: =INDEX('ROTT TO AG'!$L$6:$U$23,MATCH(MAIN!I109,'ROTT TO AG'!$L$6:$L$23,0),5) -> 0.15306122 | K109: =INDEX('ROTT TO AG'!$L$6:$U$23,MATCH(MAIN!I109,'ROTT TO AG'!$L$6:$L$23,0),7) -> 0.15306122 | L109: =INDEX('ROTT TO AG'!$L$6:$U$23,MATCH(MAIN!I109,'ROTT TO AG'!$L$6:$L$23,0),9) -> 0.15306122
B110: Loading PC | E110: Loading PC | F110: =INDEX('ROTT TO AG'!$A$6:$J$23,MATCH(MAIN!E110,'ROTT TO SING'!$J$8:$J$25,0),5) -> 0.16666667 | G110: =INDEX('ROTT TO AG'!$A$6:$J$23,MATCH(MAIN!E110,'ROTT TO SING'!$J$8:$J$25,0),7) -> 0.16666667 | H110: =INDEX('ROTT TO AG'!$A$6:$J$23,MATCH(MAIN!E110,'ROTT TO SING'!$J$8:$J$25,0),9) -> 0.16666667 | I110: Loading PC | J110: =INDEX('ROTT TO AG'!$L$6:$U$23,MATCH(MAIN!I110,'ROTT TO AG'!$L$6:$L$23,0),5) -> 0.25510204 | K110: =INDEX('ROTT TO AG'!$L$6:$U$23,MATCH(MAIN!I110,'ROTT TO AG'!$L$6:$L$23,0),7) -> 0.25510204 | L110: =INDEX('ROTT TO AG'!$L$6:$U$23,MATCH(MAIN!I110,'ROTT TO AG'!$L$6:$L$23,0),9) -> 0.25510204
B111: Discharge PC | E111: Discharge PC | F111: =INDEX('ROTT TO AG'!$A$6:$J$23,MATCH(MAIN!E111,'ROTT TO SING'!$J$8:$J$25,0),5) -> 0.16666667 | G111: =INDEX('ROTT TO AG'!$A$6:$J$23,MATCH(MAIN!E111,'ROTT TO SING'!$J$8:$J$25,0),7) -> 0.16666667 | H111: =INDEX('ROTT TO AG'!$A$6:$J$23,MATCH(MAIN!E111,'ROTT TO SING'!$J$8:$J$25,0),9) -> 0.16666667 | I111: Discharge PC | J111: =INDEX('ROTT TO AG'!$L$6:$U$23,MATCH(MAIN!I111,'ROTT TO AG'!$L$6:$L$23,0),5) -> 0.25510204 | K111: =INDEX('ROTT TO AG'!$L$6:$U$23,MATCH(MAIN!I111,'ROTT TO AG'!$L$6:$L$23,0),7) -> 0.25510204 | L111: =INDEX('ROTT TO AG'!$L$6:$U$23,MATCH(MAIN!I111,'ROTT TO AG'!$L$6:$L$23,0),9) -> 0.25510204
B112: Finance | E112: Finance | F112: =INDEX('ROTT TO AG'!$A$6:$J$23,MATCH(MAIN!E112,'ROTT TO SING'!$J$8:$J$25,0),5) -> 3.465 | G112: =INDEX('ROTT TO AG'!$A$6:$J$23,MATCH(MAIN!E112,'ROTT TO SING'!$J$8:$J$25,0),7) -> 3.465 | H112: =INDEX('ROTT TO AG'!$A$6:$J$23,MATCH(MAIN!E112,'ROTT TO SING'!$J$8:$J$25,0),9) -> 3.4310959 | I112: Finance | J112: =INDEX('ROTT TO AG'!$L$6:$U$23,MATCH(MAIN!I112,'ROTT TO AG'!$L$6:$L$23,0),5) -> 3.465 | K112: =INDEX('ROTT TO AG'!$L$6:$U$23,MATCH(MAIN!I112,'ROTT TO AG'!$L$6:$L$23,0),7) -> 3.465 | L112: =INDEX('ROTT TO AG'!$L$6:$U$23,MATCH(MAIN!I112,'ROTT TO AG'!$L$6:$L$23,0),9) -> 3.4310959
B113: Heat | E113: Heat | F113: =INDEX('ROTT TO AG'!$A$6:$J$23,MATCH(MAIN!E113,'ROTT TO SING'!$J$8:$J$25,0),5) -> 0 | G113: =INDEX('ROTT TO AG'!$A$6:$J$23,MATCH(MAIN!E113,'ROTT TO SING'!$J$8:$J$25,0),7) -> 0 | H113: =INDEX('ROTT TO AG'!$A$6:$J$23,MATCH(MAIN!E113,'ROTT TO SING'!$J$8:$J$25,0),9) -> 0 | I113: Heat | J113: =INDEX('ROTT TO AG'!$L$6:$U$23,MATCH(MAIN!I113,'ROTT TO AG'!$L$6:$L$23,0),5) -> 0 | K113: =INDEX('ROTT TO AG'!$L$6:$U$23,MATCH(MAIN!I113,'ROTT TO AG'!$L$6:$L$23,0),7) -> 0 | L113: =INDEX('ROTT TO AG'!$L$6:$U$23,MATCH(MAIN!I113,'ROTT TO AG'!$L$6:$L$23,0),9) -> 0
B114: LC charges | E114: LC charges | F114: =INDEX('ROTT TO AG'!$A$6:$J$23,MATCH(MAIN!E114,'ROTT TO SING'!$J$8:$J$25,0),5) -> 0.2874375 | G114: =INDEX('ROTT TO AG'!$A$6:$J$23,MATCH(MAIN!E114,'ROTT TO SING'!$J$8:$J$25,0),7) -> 0.2874375 | H114: =INDEX('ROTT TO AG'!$A$6:$J$23,MATCH(MAIN!E114,'ROTT TO SING'!$J$8:$J$25,0),9) -> 0.284625 | I114: LC charges | J114: =INDEX('ROTT TO AG'!$L$6:$U$23,MATCH(MAIN!I114,'ROTT TO AG'!$L$6:$L$23,0),5) -> 0.2874375 | K114: =INDEX('ROTT TO AG'!$L$6:$U$23,MATCH(MAIN!I114,'ROTT TO AG'!$L$6:$L$23,0),7) -> 0.2874375 | L114: =INDEX('ROTT TO AG'!$L$6:$U$23,MATCH(MAIN!I114,'ROTT TO AG'!$L$6:$L$23,0),9) -> 0.284625
B115: Outturn loss | E115: Outturn loss | F115: =INDEX('ROTT TO AG'!$A$6:$J$23,MATCH(MAIN!E115,'ROTT TO SING'!$J$8:$J$25,0),5) -> 137.703 | G115: =INDEX('ROTT TO AG'!$A$6:$J$23,MATCH(MAIN!E115,'ROTT TO SING'!$J$8:$J$25,0),7) -> 137.793 | H115: =INDEX('ROTT TO AG'!$A$6:$J$23,MATCH(MAIN!E115,'ROTT TO SING'!$J$8:$J$25,0),9) -> 137.793 | I115: Outturn loss | J115: =INDEX('ROTT TO AG'!$L$6:$U$23,MATCH(MAIN!I115,'ROTT TO AG'!$L$6:$L$23,0),5) -> 137.703 | K115: =INDEX('ROTT TO AG'!$L$6:$U$23,MATCH(MAIN!I115,'ROTT TO AG'!$L$6:$L$23,0),7) -> 137.793 | L115: =INDEX('ROTT TO AG'!$L$6:$U$23,MATCH(MAIN!I115,'ROTT TO AG'!$L$6:$L$23,0),9) -> 137.793
B116: Inspection | E116: Inspection | F116: =INDEX('ROTT TO AG'!$A$6:$J$23,MATCH(MAIN!E116,'ROTT TO SING'!$J$8:$J$25,0),5) -> 0.083333333 | G116: =INDEX('ROTT TO AG'!$A$6:$J$23,MATCH(MAIN!E116,'ROTT TO SING'!$J$8:$J$25,0),7) -> 0.083333333 | H116: =INDEX('ROTT TO AG'!$A$6:$J$23,MATCH(MAIN!E116,'ROTT TO SING'!$J$8:$J$25,0),9) -> 0.083333333 | I116: Inspection | J116: =INDEX('ROTT TO AG'!$L$6:$U$23,MATCH(MAIN!I116,'ROTT TO AG'!$L$6:$L$23,0),5) -> 0.12755102 | K116: =INDEX('ROTT TO AG'!$L$6:$U$23,MATCH(MAIN!I116,'ROTT TO AG'!$L$6:$L$23,0),7) -> 0.12755102 | L116: =INDEX('ROTT TO AG'!$L$6:$U$23,MATCH(MAIN!I116,'ROTT TO AG'!$L$6:$L$23,0),9) -> 0.12755102
B117: Overage Insurance | E117: Overage Insurance | F117: =INDEX('ROTT TO AG'!$A$6:$J$23,MATCH(MAIN!E117,'ROTT TO SING'!$J$8:$J$25,0),5) -> 0.0083333333 | G117: =INDEX('ROTT TO AG'!$A$6:$J$23,MATCH(MAIN!E117,'ROTT TO SING'!$J$8:$J$25,0),7) -> 0.0083333333 | H117: =INDEX('ROTT TO AG'!$A$6:$J$23,MATCH(MAIN!E117,'ROTT TO SING'!$J$8:$J$25,0),9) -> 0.0083333333 | I117: Overage Insurance | J117: =INDEX('ROTT TO AG'!$L$6:$U$23,MATCH(MAIN!I117,'ROTT TO AG'!$L$6:$L$23,0),5) -> 0.012755102 | K117: =INDEX('ROTT TO AG'!$L$6:$U$23,MATCH(MAIN!I117,'ROTT TO AG'!$L$6:$L$23,0),7) -> 0.012755102 | L117: =INDEX('ROTT TO AG'!$L$6:$U$23,MATCH(MAIN!I117,'ROTT TO AG'!$L$6:$L$23,0),9) -> 0.012755102
... B123: ROLL - COST | E123: ROLL - COST | F123: =INDEX('ROTT TO AG'!$A$6:$J$23,MATCH(MAIN!E123,'ROTT TO SING'!$J$8:$J$25,0),5) -> -168.65544 | G123: =INDEX('ROTT TO AG'!$A$6:$J$23,MATCH(MAIN!E123,'ROTT TO SING'!$J$8:$J$25,0),7) -> -168.6621 | H123: =INDEX('ROTT TO AG'!$A$6:$J$23,MATCH(MAIN!E123,'ROTT TO SING'!$J$8:$J$25,0),9) -> -168.45872 | I123: ROLL - COST | J123: =INDEX('ROTT TO AG'!$L$6:$U$23,MATCH(MAIN!I123,'ROTT TO AG'!$L$6:$L$23,0),5) -> -178.41972 | K123: =INDEX('ROTT TO AG'!$L$6:$U$23,MATCH(MAIN!I123,'ROTT TO AG'!$L$6:$L$23,0),7) -> -178.42639 | L123: =INDEX('ROTT TO AG'!$L$6:$U$23,MATCH(MAIN!I123,'ROTT TO AG'!$L$6:$L$23,0),9) -> -178.22301
B124: Loading Month | E124: Loading Month | F124: ='ROTT TO AG'!E4 -> 45903 | G124: ='ROTT TO AG'!G4 -> 45917 | H124: ='ROTT TO AG'!I4 -> 45931 | I124: Loading Month | J124: =F124 -> 45903 | K124: =G124 -> 45917 | L124: =H124 -> 45931
A125: RMK AG | F125: =F145+F126-F127 -> -200.82544 | G125: =G145+G126-G127 -> -200.8321 | H125: =H145+H126-H127 -> -200.62872 | J125: =J145+J126-J127 -> -210.58972 | K125: =K145+K126-K127 -> -210.59639 | L125: =L145+L126-L127 -> -210.39301
B126: Sale premium | E126: Sale premium | F126: =INDEX(Premium!$A$2:$D$12,MATCH(MAIN!$A125,Premium!$A$2:$A$12,0),MATCH(EOMONTH(MAIN!F102,-1)+1,Premium!$A$2:$D$2,0)) -> -34.17 | G126: =INDEX(Premium!$A$2:$D$12,MATCH(MAIN!$A125,Premium!$A$2:$A$12,0),MATCH(EOMONTH(MAIN!G102,-1)+1,Premium!$A$2:$D$2,0)) -> -34.17 | H126: =INDEX(Premium!$A$2:$D$12,MATCH(MAIN!$A125,Premium!$A$2:$A$12,0),MATCH(EOMONTH(MAIN!H102,-1)+1,Premium!$A$2:$D$2,0)) -> -34.17 | I126: Sale premium | J126: =INDEX(Premium!$A$2:$D$12,MATCH(MAIN!$A125,Premium!$A$2:$A$12,0),MATCH(EOMONTH(MAIN!J102,-1)+1,Premium!$A$2:$D$2,0)) -> -34.17 | K126: =INDEX(Premium!$A$2:$D$12,MATCH(MAIN!$A125,Premium!$A$2:$A$12,0),MATCH(EOMONTH(MAIN!K102,-1)+1,Premium!$A$2:$D$2,0)) -> -34.17 | L126: =INDEX(Premium!$A$2:$D$12,MATCH(MAIN!$A125,Premium!$A$2:$A$12,0),MATCH(EOMONTH(MAIN!L102,-1)+1,Premium!$A$2:$D$2,0)) -> -34.17
B127: Purchase Premium | E127: Purchase Prem VS Barges | F127: =INDEX(Premium!$A$21:$D$29,MATCH(LEFT(MAIN!$A125,3),Premium!$A$21:$A$29,0),MATCH(EOMONTH(MAIN!F146,-1)+1,Premium!$A$21:$D$21,0)) -> -2 | G127: =INDEX(Premium!$A$21:$D$29,MATCH(LEFT(MAIN!$A125,3),Premium!$A$21:$A$29,0),MATCH(EOMONTH(MAIN!G146,-1)+1,Premium!$A$21:$D$21,0)) -> -2 | H127: =INDEX(Premium!$A$21:$D$29,MATCH(LEFT(MAIN!$A125,3),Premium!$A$21:$A$29,0),MATCH(EOMONTH(MAIN!H146,-1)+1,Premium!$A$21:$D$21,0)) -> -2 | I127: =INDEX(Premium!$A$21:$D$29,MATCH(LEFT(MAIN!$A125,3),Premium!$A$21:$A$29,0),MATCH(EOMONTH(MAIN!I146,-1)+1,Premium!$A$21:$D$21,0)) -> #VALUE! | J127: =INDEX(Premium!$A$21:$D$29,MATCH(LEFT(MAIN!$A125,3),Premium!$A$21:$A$29,0),MATCH(EOMONTH(MAIN!J146,-1)+1,Premium!$A$21:$D$21,0)) -> -2 | K127: =INDEX(Premium!$A$21:$D$29,MATCH(LEFT(MAIN!$A125,3),Premium!$A$21:$A$29,0),MATCH(EOMONTH(MAIN!K146,-1)+1,Premium!$A$21:$D$21,0)) -> -2 | L127: =INDEX(Premium!$A$21:$D$29,MATCH(LEFT(MAIN!$A125,3),Premium!$A$21:$A$29,0),MATCH(EOMONTH(MAIN!L146,-1)+1,Premium!$A$21:$D$21,0)) -> -2
B128: Freight | E128: Freight | F128: =INDEX('ROTT TO AG'!$A$6:$J$23,MATCH(MAIN!E128,'ROTT TO AG'!$A$6:$A$23,0),5) -> 32.666667 | G128: =INDEX('ROTT TO AG'!$A$6:$J$23,MATCH(MAIN!E128,'ROTT TO AG'!$A$6:$A$23,0),7) -> 32.666667 | H128: =INDEX('ROTT TO AG'!$A$6:$J$23,MATCH(MAIN!E128,'ROTT TO AG'!$A$6:$A$23,0),9) -> 32.666667 | I128: Freight | J128: =INDEX('ROTT TO AG'!$L$6:$U$23,MATCH(MAIN!I128,'ROTT TO AG'!$L$6:$L$23,0),5) -> 42.857143 | K128: =INDEX('ROTT TO AG'!$L$6:$U$23,MATCH(MAIN!I128,'ROTT TO AG'!$L$6:$L$23,0),7) -> 42.857143 | L128: =INDEX('ROTT TO AG'!$L$6:$U$23,MATCH(MAIN!I128,'ROTT TO AG'!$L$6:$L$23,0),9) -> 42.857143
B129: Volume | E129: Volume | F129: =INDEX('ROTT TO AG'!$A$6:$J$23,MATCH(MAIN!E129,'ROTT TO AG'!$A$6:$A$23,0),5) -> 0 | G129: =INDEX('ROTT TO AG'!$A$6:$J$23,MATCH(MAIN!E129,'ROTT TO AG'!$A$6:$A$23,0),7) -> 0 | H129: =INDEX('ROTT TO AG'!$A$6:$J$23,MATCH(MAIN!E129,'ROTT TO AG'!$A$6:$A$23,0),9) -> 0 | I129: Volume | J129: =INDEX('ROTT TO AG'!$L$6:$U$23,MATCH(MAIN!I129,'ROTT TO AG'!$L$6:$L$23,0),5) -> 0 | K129: =INDEX('ROTT TO AG'!$L$6:$U$23,MATCH(MAIN!I129,'ROTT TO AG'!$L$6:$L$23,0),7) -> 0 | L129: =INDEX('ROTT TO AG'!$L$6:$U$23,MATCH(MAIN!I129,'ROTT TO AG'!$L$6:$L$23,0),9) -> 0
B130: Demurrage | E130: Demurrage | F130: =INDEX('ROTT TO AG'!$A$6:$J$23,MATCH(MAIN!E130,'ROTT TO AG'!$A$6:$A$23,0),5) -> 3.8333333 | G130: =INDEX('ROTT TO AG'!$A$6:$J$23,MATCH(MAIN!E130,'ROTT TO AG'!$A$6:$A$23,0),7) -> 3.8333333 | H130: =INDEX('ROTT TO AG'!$A$6:$J$23,MATCH(MAIN!E130,'ROTT TO AG'!$A$6:$A$23,0),9) -> 3.8333333 | I130: Demurrage | J130: =INDEX('ROTT TO AG'!$L$6:$U$23,MATCH(MAIN!I130,'ROTT TO AG'!$L$6:$L$23,0),5) -> 3.0357143 | K130: =INDEX('ROTT TO AG'!$L$6:$U$23,MATCH(MAIN!I130,'ROTT TO AG'!$L$6:$L$23,0),7) -> 3.0357143 | L130: =INDEX('ROTT TO AG'!$L$6:$U$23,MATCH(MAIN!I130,'ROTT TO AG'!$L$6:$L$23,0),9) -> 3.0357143
B131: Insurance | E131: Insurance | F131: =INDEX('ROTT TO AG'!$A$6:$J$23,MATCH(MAIN!E131,'ROTT TO AG'!$A$6:$A$23,0),5) -> 0.1 | G131: =INDEX('ROTT TO AG'!$A$6:$J$23,MATCH(MAIN!E131,'ROTT TO AG'!$A$6:$A$23,0),7) -> 0.1 | H131: =INDEX('ROTT TO AG'!$A$6:$J$23,MATCH(MAIN!E131,'ROTT TO AG'!$A$6:$A$23,0),9) -> 0.1 | I131: Insurance | J131: =INDEX('ROTT TO AG'!$L$6:$U$23,MATCH(MAIN!I131,'ROTT TO AG'!$L$6:$L$23,0),5) -> 0.15306122 | K131: =INDEX('ROTT TO AG'!$L$6:$U$23,MATCH(MAIN!I131,'ROTT TO AG'!$L$6:$L$23,0),7) -> 0.15306122 | L131: =INDEX('ROTT TO AG'!$L$6:$U$23,MATCH(MAIN!I131,'ROTT TO AG'!$L$6:$L$23,0),9) -> 0.15306122
...

Sheet Premium
A1: SALES | J1: Departure
B2: 45901 | C2: 45931 | D2: 45962 | J2: Exact Date | K2: Month | O2: Row Labels
A3: Singapore DES VALUES VS 380 | J3: ='Loading Arrival'!B3 -> 45910 | K3: =EOMONTH(J3,-1)+1 -> 45901 | O3: 01.11.2024
A4: RMG | B4: -1.5 | C4: -1.5 | D4: -1.5 | J4: ='Loading Arrival'!C3 -> 45924 | K4: =EOMONTH(J4,-1)+1 -> 45901 | O4: 01.12.2024
A5: RMK | B5: =+B4-5 -> -6.5 | C5: =+C4-5 -> -6.5 | D5: =+D4-5 -> -6.5 | J5: ='Loading Arrival'!D3 -> 45938 | K5: =EOMONTH(J5,-1)+1 -> 45931 | O5: Grand Total
A6: M100 | B6: -28 | C6: -28 | D6: -28 | J6: ='Loading Arrival'!B11 -> 45903 | K6: =EOMONTH(J6,-1)+1 -> 45901
A7: Singapore DES VALUES VS 0.5 | J7: ='Loading Arrival'!C11 -> 45917 | K7: =EOMONTH(J7,-1)+1 -> 45901
A8: 1% RMG | B8: -59 | C8: -59 | D8: -59 | J8: ='Loading Arrival'!D11 -> 45931 | K8: =EOMONTH(J8,-1)+1 -> 45931
A9: 0.5 | B9: 2.6 | C9: 2.6 | D9: 2.6
A10: AG DES VALUES VS MOPS 380 | J10: Arrivals
A11: RMG AG | B11: =B4-27.67 -> -29.17 | C11: =C4-27.67 -> -29.17 | D11: =D4-27.67 -> -29.17 | J11: Exact Date | K11: Month | O11: Row Labels
A12: RMK AG | B12: =B11-5 -> -34.17 | C12: =C11-5 -> -34.17 | D12: =D11-5 -> -34.17 | J12: ='Loading Arrival'!B9 -> 45955 | K12: =EOMONTH(J12,-1)+1 -> 45931 | O12: 01.11.2024
A13: USGC DES VALUES VS 3.5 ROTT | J13: ='Loading Arrival'!C9 -> 45969 | K13: =EOMONTH(J13,-1)+1 -> 45962 | O13: 01.12.2024 | T13: 840
A14: RMG US | B14: =0.6*6.35 -> 3.81 | C14: =1.1*6.35 -> 6.985 | D14: =1.1*6.35 -> 6.985 | J14: ='Loading Arrival'!B17 -> 45930 | K14: =EOMONTH(J14,-1)+1 -> 45901 | O14: 01.01.2025 | R14: QTY | S14: Premim | T14: Visco | U14: DESC | V14: FINAL P
A15: 0.5 US | B15: =1.6*6.35 -> 10.16 | C15: =1.05*6.35 -> 6.6675 | D15: =0.55*6.35 -> 3.4925 | J15: ='Loading Arrival'!C17 -> 45944 | K15: =EOMONTH(J15,-1)+1 -> 45931 | O15: Grand Total | R15: 44745 | S15: -31 | T15: 1008 | U15: =(T15-T13)*-0.02 -> -3.36 | V15: =U15+S15 -> -34.36
A16: MED PREMIUMS | J16: ='Loading Arrival'!D17 -> 45958 | K16: =EOMONTH(J16,-1)+1 -> 45931 | R16: 27000 | S16: -21.85 | T16: 418 | U16: =(T16-T13)*-0.02 -> 8.44 | V16: =U16+S16 -> -13.41
A17: RMG MED | J17: ='Loading Arrival'!B26 -> 45922 | K17: =EOMONTH(J17,-1)+1 -> 45901
A18: 0.5 MED | J18: ='Loading Arrival'!C26 -> 45936 | K18: =EOMONTH(J18,-1)+1 -> 45931 | U18: Weighted AVG P | V18: =(R15*V15+R16*V16)/SUM(R15:R16) -> -26.475827
J19: ='Loading Arrival'!D26 -> 45950 | K19: =EOMONTH(J19,-1)+1 -> 45931
A20: Purchase | J20: ='Loading Arrival'!B35 -> 45923 | K20: =EOMONTH(J20,-1)+1 -> 45901
B21: 45901 | C21: 45931 | D21: 45962 | J21: ='Loading Arrival'!C35 -> 45937 | K21: =EOMONTH(J21,-1)+1 -> 45931
A22: Rotterdam FOB VALUE VS 3.5 Barges | J22: ='Loading Arrival'!D35 -> 45951 | K22: =EOMONTH(J22,-1)+1 -> 45931
A23: RMG | B23: 3 | C23: 3 | D23: 3 | J23: ='Loading Arrival'!B44 -> 45915 | K23: =EOMONTH(J23,-1)+1 -> 45901
A24: RMK | B24: =B23-5 -> -2 | C24: =C23-5 -> -2 | D24: =D23-5 -> -2 | J24: ='Loading Arrival'!C44 -> 45929 | K24: =EOMONTH(J24,-1)+1 -> 45901
A25: M100 | B25: -5 | C25: -5 | D25: -4 | J25: ='Loading Arrival'!D44 -> 45943 | K25: =EOMONTH(J25,-1)+1 -> 45931
A26: Rotterdam FOB VALUE VS 0.5 Rott | S26: * For the premium of the US just take the spreads at the settlement
A27: 1% RMG | B27: -35 | C27: =B27 -> -35 | D27: =C27 -> -35 | S27: *for the premium of the MED use the Tullet settlement report
A28: 0.5 | B28: 0.29 | C28: 0.29 | D28: 0.29 | P28: Singap window
A29: USGC DES VALUES VS 3.5 ROTT | P29: 3 | Q29: 0.5
A30: RMG US | B30: =0.6*6.35 -> 3.81 | C30: =1.1*6.35 -> 6.985 | D30: =0.65*6.35 -> 4.1275
A31: 0.5 US | B31: 2.54 | C31: 2.54 | D31: 2.54
A32: MED PREMIUMS
A33: RMG MED | B33: -8.5 | C33: -7.75 | D33: 7.75
A34: 0.5 MED | B34: 0 | C34: 0 | D34: 0

Sheet Freight
A1: Location | B1: Freight $/mt | D1: USD/MT | E1: Demurrage / Day | F1: Heat
A2: ROTT-AG AFRA | B2: 4200000 | D2: =B2/100000 -> 42 | E2: 42500 | F2: 0
A3: ROTT-AG SUEZ | B3: 4900000 | D3: =B3/150000 -> 32.666667 | E3: 57500 | F3: 0
A4: ROTT-SING AFRA | B4: 4600000 | D4: =B4/100000 -> 46 | E4: 42500 | F4: 0
A5: ROTT-SING SUEZ | B5: 5100000 | D5: =B5/150000 -> 34 | E5: 57500 | F5: 0
A6: ROTT-SING VLCC | B6: 5600000 | D6: =B6/270000 -> 20.740741 | E6: 55000 | F6: NA
A8: MED-AG AFRA | B8: 3700000 | D8: =B8/100000 -> 37 | E8: 42500 | F8: 0
A9: MED-AG SUEZ | B9: 4600000 | D9: =B9/150000 -> 30.666667 | E9: 57000 | F9: 0
A10: MED-SING AFRA | B10: 4300000 | D10: =B10/100000 -> 43 | E10: 42500 | F10: 0
A11: MED-SING SUEZ | B11: 4800000 | D11: =B11/150000 -> 32 | E11: 57500 | F11: 0
A13: ROTT-USGC AFRA | B13: 1747200 | D13: =B13/100000 -> 17.472 | E13: 42500
A14: ROTT USGC SUEZ | B14: 4258800 | D14: =B14/150000 -> 28.392 | E14: 57500

Sheet Loading Arrival
A1: Rott to Sing | F1: Rott to USGC
B2: FIX+BL | C2: FIX+BL +14 | D2: FIX+BL +28 | G2: FIX+BL | H2: FIX+BL +14 | I2: FIX+BL +28
A3: VLCC | B3: =TODAY()+14 -> 45910 | C3: =B3+14 -> 45924 | D3: =C3+14 -> 45938 | F3: AFRA/SUEZMAX | G3: =TODAY()+7 -> 45903 | H3: =G3+14 -> 45917 | I3: =H3+14 -> 45931
B4: =B5-B3 -> 21 | C4: =C5-C3 -> 7 | D4: =D5-D3 -> 24 | G4: =G5-G3 -> 28 | H4: =H5-H3 -> 14 | I4: =I5-I3 -> 31
B5: =EOMONTH(B3,0)+1 -> 45931 | C5: =EOMONTH(C3,0)+1 -> 45931 | D5: =EOMONTH(D3,0)+1 -> 45962 | G5: =EOMONTH(G3,0)+1 -> 45931 | H5: =EOMONTH(H3,0)+1 -> 45931 | I5: =EOMONTH(I3,0)+1 -> 45962
B6: =IF(45-B4>_xlfn.NUMBERVALUE(DAY(EOMONTH(B5,0))),_xlfn.NUMBERVALUE(DAY(EOMONTH(B5,0))),45-B4) -> 24 | C6: =IF(45-C4>_xlfn.NUMBERVALUE(DAY(EOMONTH(C5,0))),_xlfn.NUMBERVALUE(DAY(EOMONTH(C5,0))),45-C4) -> 31 | D6: =IF(45-D4>_xlfn.NUMBERVALUE(DAY(EOMONTH(D5,0))),_xlfn.NUMBERVALUE(DAY(EOMONTH(D5,0))),45-D4) -> 21 | G6: =IF(15-G4>_xlfn.NUMBERVALUE(DAY(EOMONTH(G5,0))),_xlfn.NUMBERVALUE(DAY(EOMONTH(G5,0))),15-G4) -> -13 | H6: =IF(15-H4>_xlfn.NUMBERVALUE(DAY(EOMONTH(H5,0))),_xlfn.NUMBERVALUE(DAY(EOMONTH(H5,0))),15-H4) -> 1 | I6: =IF(15-I4>_xlfn.NUMBERVALUE(DAY(EOMONTH(I5,0))),_xlfn.NUMBERVALUE(DAY(EOMONTH(I5,0))),15-I4) -> -16
B7: =B5+B6 -> 45955 | C7: =C5+C6 -> 45962 | D7: =D5+D6 -> 45983 | G7: =G5+G6 -> 45918 | H7: =H5+H6 -> 45932 | I7: =I5+I6 -> 45946
B8: =IF(45-B4>_xlfn.NUMBERVALUE(DAY(EOMONTH(B5,0))),45-B4-B6,0) -> 0 | C8: =IF(45-C4>_xlfn.NUMBERVALUE(DAY(EOMONTH(C5,0))),45-C4-C6,0) -> 7 | D8: =IF(45-D4>_xlfn.NUMBERVALUE(DAY(EOMONTH(D5,0))),45-D4-D6,0) -> 0 | G8: =IF(15-G4>_xlfn.NUMBERVALUE(DAY(EOMONTH(G5,0))),15-G4-G6,0) -> 0 | H8: =IF(15-H4>_xlfn.NUMBERVALUE(DAY(EOMONTH(H5,0))),15-H4-H6,0) -> 0 | I8: =IF(15-I4>_xlfn.NUMBERVALUE(DAY(EOMONTH(I5,0))),15-I4-I6,0) -> 0
B9: =B7+B8 -> 45955 | C9: =C7+C8 -> 45969 | D9: =D7+D8 -> 45983 | G9: =G7+G8 -> 45918 | H9: =H7+H8 -> 45932 | I9: =I7+I8 -> 45946
B10: FIX+BL | C10: FIX+BL +14 | D10: FIX+BL +28
A11: AFRA/SUEZMAX | B11: =TODAY()+7 -> 45903 | C11: =B11+14 -> 45917 | D11: =C11+14 -> 45931
B12: =B13-B11 -> 28 | C12: =C13-C11 -> 14 | D12: =D13-D11 -> 31
B13: =EOMONTH(B11,0)+1 -> 45931 | C13: =EOMONTH(C11,0)+1 -> 45931 | D13: =EOMONTH(D11,0)+1 -> 45962
B14: =IF(27-B12>_xlfn.NUMBERVALUE(DAY(EOMONTH(B13,0))),_xlfn.NUMBERVALUE(DAY(EOMONTH(B13,0))),27-B12) -> -1 | C14: =IF(27-C12>_xlfn.NUMBERVALUE(DAY(EOMONTH(C13,0))),_xlfn.NUMBERVALUE(DAY(EOMONTH(C13,0))),27-C12) -> 13 | D14: =IF(27-D12>_xlfn.NUMBERVALUE(DAY(EOMONTH(D13,0))),_xlfn.NUMBERVALUE(DAY(EOMONTH(D13,0))),27-D12) -> -4
B15: =B13+B14 -> 45930 | C15: =C13+C14 -> 45944 | D15: =D13+D14 -> 45958
B16: =IF(27-B12>_xlfn.NUMBERVALUE(DAY(EOMONTH(B13,0))),30-B12-B14,0) -> 0 | C16: =IF(27-C12>_xlfn.NUMBERVALUE(DAY(EOMONTH(C13,0))),27-C12-C14,0) -> 0 | D16: =IF(27-D12>_xlfn.NUMBERVALUE(DAY(EOMONTH(D13,0))),27-D12-D14,0) -> 0
B17: =B15+B16 -> 45930 | C17: =C15+C16 -> 45944 | D17: =D15+D16 -> 45958
A18: Med to Sing
B19: FIX+BL | C19: FIX+BL +14 | D19: FIX+BL +28
A20: AFRA/SUEZMAX | B20: =TODAY()+7 -> 45903 | C20: =B20+14 -> 45917 | D20: =C20+14 -> 45931
B21: =B22-B20 -> 28 | C21: =C22-C20 -> 14 | D21: =D22-D20 -> 31
B22: =EOMONTH(B20,0)+1 -> 45931 | C22: =EOMONTH(C20,0)+1 -> 45931 | D22: =EOMONTH(D20,0)+1 -> 45962
B23: =IF(19-B21>_xlfn.NUMBERVALUE(DAY(EOMONTH(B22,0))),_xlfn.NUMBERVALUE(DAY(EOMONTH(B22,0))),19-B21) -> -9 | C23: =IF(19-C21>_xlfn.NUMBERVALUE(DAY(EOMONTH(C22,0))),_xlfn.NUMBERVALUE(DAY(EOMONTH(C22,0))),19-C21) -> 5 | D23: =IF(19-D21>_xlfn.NUMBERVALUE(DAY(EOMONTH(D22,0))),_xlfn.NUMBERVALUE(DAY(EOMONTH(D22,0))),19-D21) -> -12
B24: =B22+B23 -> 45922 | C24: =C22+C23 -> 45936 | D24: =D22+D23 -> 45950
B25: =IF(19-B21>_xlfn.NUMBERVALUE(DAY(EOMONTH(B22,0))),19-B21-B23,0) -> 0 | C25: =IF(19-C21>_xlfn.NUMBERVALUE(DAY(EOMONTH(C22,0))),19-C21-C23,0) -> 0 | D25: =IF(19-D21>_xlfn.NUMBERVALUE(DAY(EOMONTH(D22,0))),19-D21-D23,0) -> 0
B26: =B24+B25 -> 45922 | C26: =C24+C25 -> 45936 | D26: =D24+D25 -> 45950
A27: Rott to AG
B28: FIX+BL | C28: FIX+BL +14 | D28: FIX+BL +28
A29: AFRA/SUEZMAX | B29: =TODAY()+7 -> 45903 | C29: =B29+14 -> 45917 | D29: =C29+14 -> 45931
B30: =B31-B29 -> 28 | C30: =C31-C29 -> 14 | D30: =D31-D29 -> 31
B31: =EOMONTH(B29,0)+1 -> 45931 | C31: =EOMONTH(C29,0)+1 -> 45931 | D31: =EOMONTH(D29,0)+1 -> 45962
B32: =IF(20-B30>_xlfn.NUMBERVALUE(DAY(EOMONTH(B31,0))),_xlfn.NUMBERVALUE(DAY(EOMONTH(B31,0))),20-B30) -> -8 | C32: =IF(20-C30>_xlfn.NUMBERVALUE(DAY(EOMONTH(C31,0))),_xlfn.NUMBERVALUE(DAY(EOMONTH(C31,0))),20-C30) -> 6 | D32: =IF(20-D30>_xlfn.NUMBERVALUE(DAY(EOMONTH(D31,0))),_xlfn.NUMBERVALUE(DAY(EOMONTH(D31,0))),20-D30) -> -11
B33: =B31+B32 -> 45923 | C33: =C31+C32 -> 45937 | D33: =D31+D32 -> 45951
B34: =IF(20-B30>_xlfn.NUMBERVALUE(DAY(EOMONTH(B31,0))),20-B30-B32,0) -> 0 | C34: =IF(20-C30>_xlfn.NUMBERVALUE(DAY(EOMONTH(C31,0))),20-C30-C32,0) -> 0 | D34: =IF(20-D30>_xlfn.NUMBERVALUE(DAY(EOMONTH(D31,0))),20-D30-D32,0) -> 0
B35: =B33+B34 -> 45923 | C35: =C33+C34 -> 45937 | D35: =D33+D34 -> 45951
A36: Med to AG
B37: FIX+BL | C37: FIX+BL +14 | D37: FIX+BL +28
A38: AFRA/SUEZMAX | B38: =TODAY()+7 -> 45903 | C38: =B38+14 -> 45917 | D38: =C38+14 -> 45931
B39: =B40-B38 -> 12 | C39: =IF(C40-C38>12,12,C40-C38) -> 12 | D39: =D40-D38 -> 12
B40: =IF(EOMONTH(B38,0)+1-B38>12,B38+12,EOMONTH(B38,0)+1) -> 45915 | C40: =IF(EOMONTH(C38,0)+1-C38>12,C38+12,EOMONTH(C38,0)+1) -> 45929 | D40: =IF(EOMONTH(D38,0)+1-D38>12,D38+12,EOMONTH(D38,0)+1) -> 45943
B41: =IF(12-B39>_xlfn.NUMBERVALUE(DAY(EOMONTH(B40,0))),_xlfn.NUMBERVALUE(DAY(EOMONTH(B40,0))),12-B39) -> 0 | C41: =IF(12-C39>_xlfn.NUMBERVALUE(DAY(EOMONTH(C40,0))),_xlfn.NUMBERVALUE(DAY(EOMONTH(C40,0))),12-C39) -> 0 | D41: =IF(12-D39>_xlfn.NUMBERVALUE(DAY(EOMONTH(D40,0))),_xlfn.NUMBERVALUE(DAY(EOMONTH(D40,0))),12-D39) -> 0
B42: =B40+B41 -> 45915 | C42: =C40+C41 -> 45929 | D42: =D40+D41 -> 45943
B43: =IF(12-B39>_xlfn.NUMBERVALUE(DAY(EOMONTH(B40,0))),20-B39-B41,0) -> 0 | C43: =IF(12-C39>_xlfn.NUMBERVALUE(DAY(EOMONTH(C40,0))),20-C39-C41,0) -> 0 | D43: =IF(12-D39>_xlfn.NUMBERVALUE(DAY(EOMONTH(D40,0))),20-D39-D41,0) -> 0
B44: =B42+B43 -> 45915 | C44: =C42+C43 -> 45929 | D44: =D42+D43 -> 45943

Sheet ROTT TO USGC
E3: FIX+BL | G3: FIX+BL +14 | I3: FIX+BL +28 | P3: FIX+BL | R3: FIX+BL +14 | T3: FIX+BL +28
A4: ROTT USGC SUEZ | E4: ='Loading Arrival'!B11 -> 45903 | G4: ='Loading Arrival'!C11 -> 45917 | I4: ='Loading Arrival'!D11 -> 45931 | L4: ROTT-USGC AFRA | P4: =E4 -> 45903 | R4: =G4 -> 45917 | T4: =I4 -> 45931
E5: HS | F5: LS | G5: HS | H5: LS | I5: HS | J5: LS | P5: HS | Q5: LS | R5: HS | S5: LS | T5: HS | U5: LS
A6: Freight | B6: =VLOOKUP(A4,Freight!$A$2:$F$14,2,0) -> 4258800 | E6: =B6/B$7 -> 28.392 | F6: =B6/B$7 -> 28.392 | G6: =B6/B$7 -> 28.392 | H6: =B6/B$7 -> 28.392 | I6: =B6/B$7 -> 28.392 | J6: =B6/B$7 -> 28.392 | L6: Freight | M6: =VLOOKUP(L4,Freight!$A$2:$F$14,2,0) -> 1747200 | P6: =M6/M$7 -> 17.828571 | Q6: =M6/M$7 -> 17.828571 | R6: =M6/M$7 -> 17.828571 | S6: =M6/M$7 -> 17.828571 | T6: =M6/M$7 -> 17.828571 | U6: =M6/M$7 -> 17.828571
A7: Volume | B7: 150000 | C7: Rate | D7: Days | L7: Volume | M7: 98000 | N7: Rate | O7: Days
A8: Demurrage | B8: =C8*D8 -> 575000 | C8: =VLOOKUP(A$4,Freight!$A$2:$F$14,5,0) -> 57500 | D8: 10 | E8: =B$8/B$7 -> 3.8333333 | F8: =B$8/B$7 -> 3.8333333 | G8: =B8/B$7 -> 3.8333333 | H8: =B8/B$7 -> 3.8333333 | I8: =B8/B$7 -> 3.8333333 | J8: =B8/B$7 -> 3.8333333 | L8: Demurrage | M8: =N8*O8 -> 297500 | N8: =VLOOKUP(L$4,Freight!$A$2:$F$14,5,0) -> 42500 | O8: 7 | P8: =M$8/M$7 -> 3.0357143 | Q8: =M$8/M$7 -> 3.0357143 | R8: =M8/M$7 -> 3.0357143 | S8: =M8/M$7 -> 3.0357143 | T8: =M8/M$7 -> 3.0357143 | U8: =M8/M$7 -> 3.0357143
A9: Insurance | B9: 15000 | E9: =B9/B$7 -> 0.1 | F9: =B9/B$7 -> 0.1 | G9: =B9/B$7 -> 0.1 | H9: =B9/B$7 -> 0.1 | I9: =B9/B$7 -> 0.1 | J9: =B9/B$7 -> 0.1 | L9: Insurance | M9: 15000 | P9: =M9/M$7 -> 0.15306122 | Q9: =M9/M$7 -> 0.15306122 | R9: =M9/M$7 -> 0.15306122 | S9: =M9/M$7 -> 0.15306122 | T9: =M9/M$7 -> 0.15306122 | U9: =M9/M$7 -> 0.15306122
A10: Loading PC | B10: 25000 | E10: =B10/B$7 -> 0.16666667 | F10: =B10/B$7 -> 0.16666667 | G10: =B10/B$7 -> 0.16666667 | H10: =B10/B$7 -> 0.16666667 | I10: =B10/B$7 -> 0.16666667 | J10: =B10/B$7 -> 0.16666667 | L10: Loading PC | M10: 25000 | P10: =M10/M$7 -> 0.25510204 | Q10: =M10/M$7 -> 0.25510204 | R10: =M10/M$7 -> 0.25510204 | S10: =M10/M$7 -> 0.25510204 | T10: =M10/M$7 -> 0.25510204 | U10: =M10/M$7 -> 0.25510204
A11: Discharge PC | B11: 25000 | C11: Rate | D11: Days | E11: =B11/B$7 -> 0.16666667 | F11: =B11/B$7 -> 0.16666667 | G11: =B11/B$7 -> 0.16666667 | H11: =B11/B$7 -> 0.16666667 | I11: =B11/B$7 -> 0.16666667 | J11: =B11/B$7 -> 0.16666667 | L11: Discharge PC | M11: 25000 | N11: Rate | O11: Days | P11: =M11/M$7 -> 0.25510204 | Q11: =M11/M$7 -> 0.25510204 | R11: =M11/M$7 -> 0.25510204 | S11: =M11/M$7 -> 0.25510204 | T11: =M11/M$7 -> 0.25510204 | U11: =M11/M$7 -> 0.25510204
A12: Finance | B12: =(D12*((C12)/365)*VLOOKUP(EOMONTH(E4,-1)+1,Tullet!$A$4:$S$25,2,0))*B7 -> 519750 | C12: 0.055 | D12: 60 | E12: =(D12*((C12)/365)*VLOOKUP(EOMONTH(E4,-1)+1,Tullet!$A$4:$S$27,2,0)) -> 3.465 | F12: =(D12*((C12)/365)*VLOOKUP(EOMONTH(E4,-1)+1,Tullet!$N$4:$S$27,3,0)) -> 4.0907787 | G12: =(D$12*((C$12)/365)*VLOOKUP(EOMONTH(G4,-1)+1,Tullet!$A$4:$S$27,2,0)) -> 3.465 | H12: =(D$12*((C$12)/365)*VLOOKUP(EOMONTH(G4,-1)+1,Tullet!$N$4:$S$27,3,0)) -> 4.0907787 | I12: =(D$12*((C$12)/365)*VLOOKUP(EOMONTH(I4,-1)+1,Tullet!$A$4:$S$27,2,0)) -> 3.4310959 | J12: =(D$12*((C$12)/365)*VLOOKUP(EOMONTH(I4,-1)+1,Tullet!$N$4:$S$27,3,0)) -> 4.0500938 | L12: Finance | M12: =(O12*((N12)/365)*VLOOKUP(EOMONTH(P4,-1)+1,Tullet!$A$4:$S$25,2,0))*M7 -> 339570 | N12: 0.055 | O12: 60 | P12: =(O12*((N12)/365)*VLOOKUP(EOMONTH(P4,-1)+1,Tullet!$A$4:$S$27,2,0)) -> 3.465 | Q12: =(O12*((N12)/365)*VLOOKUP(EOMONTH(P4,-1)+1,Tullet!$N$4:$S$27,3,0)) -> 4.0907787 | R12: =(O$12*((N$12)/365)*VLOOKUP(EOMONTH(R4,-1)+1,Tullet!$A$4:$S$27,2,0)) -> 3.465 | S12: =(O$12*((N$12)/365)*VLOOKUP(EOMONTH(R4,-1)+1,Tullet!$N$4:$S$27,3,0)) -> 4.0907787 | T12: =(O$12*((N$12)/365)*VLOOKUP(EOMONTH(T4,-1)+1,Tullet!$A$4:$S$27,2,0)) -> 3.4310959 | U12: =(O$12*((N$12)/365)*VLOOKUP(EOMONTH(T4,-1)+1,Tullet!$N$4:$S$27,3,0)) -> 4.0500938
A13: Heat | L13: Heat
A14: LC charges | B14: =B7*VLOOKUP(EOMONTH(E4,-1)+1,Tullet!$A$4:$S$25,2,0)*0.1% -> 57487.5 | C14: Rate | D14: Quote | E14: =VLOOKUP(EOMONTH(E4,-1)+1,Tullet!$A$4:$S$27,2,0)*0.00075 -> 0.2874375 | F14: =VLOOKUP(EOMONTH(E4,-1)+1,Tullet!$N$3:$S$27,3,0)*0.00075 -> 0.33934869 | G14: =VLOOKUP(EOMONTH(G4,-1)+1,Tullet!$A$4:$S$27,2,0)*0.00075 -> 0.2874375 | H14: =VLOOKUP(EOMONTH(G4,-1)+1,Tullet!$N$3:$S$27,3,0)*0.00075 -> 0.33934869 | I14: =VLOOKUP(EOMONTH(I4,-1)+1,Tullet!$A$4:$S$27,2,0)*0.00075 -> 0.284625 | J14: =VLOOKUP(EOMONTH(I4,-1)+1,Tullet!$N$3:$S$27,3,0)*0.00075 -> 0.33597369 | L14: LC charges | M14: =M7*VLOOKUP(EOMONTH(P4,-1)+1,Tullet!$A$4:$S$25,2,0)*0.1% -> 37558.5 | N14: Rate | O14: Quote | P14: =VLOOKUP(EOMONTH(P4,-1)+1,Tullet!$A$4:$S$27,2,0)*0.00075 -> 0.2874375 | Q14: =VLOOKUP(EOMONTH(P4,-1)+1,Tullet!$N$3:$S$27,3,0)*0.00075 -> 0.33934869 | R14: =VLOOKUP(EOMONTH(R4,-1)+1,Tullet!$A$4:$S$27,2,0)*0.00075 -> 0.2874375 | S14: =VLOOKUP(EOMONTH(R4,-1)+1,Tullet!$N$3:$S$27,3,0)*0.00075 -> 0.33934869 | T14: =VLOOKUP(EOMONTH(T4,-1)+1,Tullet!$A$4:$S$27,2,0)*0.00075 -> 0.284625 | U14: =VLOOKUP(EOMONTH(T4,-1)+1,Tullet!$N$3:$S$27,3,0)*0.00075 -> 0.33597369
A15: Outturn loss | B15: =C15*$B$7*VLOOKUP(EOMONTH(E24,-1)+1,'Tullet US'!$A$24:$C$32,3,0)*6.35 -> 165020.62 | C15: 0.003 | D15: HS GC HS | E15: =$C$15*VLOOKUP(EOMONTH(E24,-1)+1,'Tullet US'!$A$24:$C$32,3,0)*6.35 -> 1.1001375 | F15: =$C$15*VLOOKUP(EOMONTH(F24,-1)+1,'Tullet US'!$A$24:$C$32,3,0)*6.35 -> 1.1001375 | G15: =$C$15*VLOOKUP(EOMONTH(G24,-1)+1,'Tullet US'!$A$24:$C$32,3,0)*6.35 -> 1.0791825 | H15: =$C$15*VLOOKUP(EOMONTH(H24,-1)+1,'Tullet US'!$A$24:$C$32,3,0)*6.35 -> 1.0791825 | I15: =$C$15*VLOOKUP(EOMONTH(I24,-1)+1,'Tullet US'!$A$24:$C$32,3,0)*6.35 -> 1.0791825 | J15: =$C$15*VLOOKUP(EOMONTH(J24,-1)+1,'Tullet US'!$A$24:$C$32,3,0)*6.35 -> 1.0791825 | L15: Outturn loss | M15: =N15*$M$7*VLOOKUP(EOMONTH(P24,-1)+1,'Tullet US'!$A$24:$C$32,3,0)*6.35 -> 107813.48 | N15: 0.003 | O15: HS GC HS | P15: =$N$15*VLOOKUP(EOMONTH(P24,-1)+1,'Tullet US'!$A$24:$C$32,3,0)*6.35 -> 1.1001375 | Q15: =$N$15*VLOOKUP(EOMONTH(Q24,-1)+1,'Tullet US'!$A$24:$C$32,3,0)*6.35 -> 1.1001375 | R15: =$N$15*VLOOKUP(EOMONTH(R24,-1)+1,'Tullet US'!$A$24:$C$32,3,0)*6.35 -> 1.0791825 | S15: =$N$15*VLOOKUP(EOMONTH(S24,-1)+1,'Tullet US'!$A$24:$C$32,3,0)*6.35 -> 1.0791825 | T15: =$N$15*VLOOKUP(EOMONTH(T24,-1)+1,'Tullet US'!$A$24:$C$32,3,0)*6.35 -> 1.0791825 | U15: =$N$15*VLOOKUP(EOMONTH(U24,-1)+1,'Tullet US'!$A$24:$C$32,3,0)*6.35 -> 1.0791825
A16: Inspection | B16: 12500 | E16: =B16/B$7 -> 0.083333333 | F16: =B16/B$7 -> 0.083333333 | G16: =B16/B$7 -> 0.083333333 | H16: =B16/B$7 -> 0.083333333 | I16: =B16/B$7 -> 0.083333333 | J16: =B16/B$7 -> 0.083333333 | L16: Inspection | M16: 12500 | P16: =M16/M$7 -> 0.12755102 | Q16: =M16/M$7 -> 0.12755102 | R16: =M16/M$7 -> 0.12755102 | S16: =M16/M$7 -> 0.12755102 | T16: =M16/M$7 -> 0.12755102 | U16: =M16/M$7 -> 0.12755102
A17: Overage Insurance | B17: 1250 | E17: =B17/B$7 -> 0.0083333333 | F17: =B17/B$7 -> 0.0083333333 | G17: =B17/B$7 -> 0.0083333333 | H17: =B17/B$7 -> 0.0083333333 | I17: =B17/B$7 -> 0.0083333333 | J17: =B17/B$7 -> 0.0083333333 | L17: Overage Insurance | M17: 1250 | P17: =M17/M$7 -> 0.012755102 | Q17: =M17/M$7 -> 0.012755102 | R17: =M17/M$7 -> 0.012755102 | S17: =M17/M$7 -> 0.012755102 | T17: =M17/M$7 -> 0.012755102 | U17: =M17/M$7 -> 0.012755102
A18: CLL | B18: 1250 | E18: =B18/B$7 -> 0.0083333333 | F18: =B18/B$7 -> 0.0083333333 | G18: =B18/B$7 -> 0.0083333333 | H18: =B18/B$7 -> 0.0083333333 | I18: =B18/B$7 -> 0.0083333333 | J18: =B18/B$7 -> 0.0083333333 | L18: CLL | M18: 1250 | P18: =M18/M$7 -> 0.012755102 | Q18: =M18/M$7 -> 0.012755102 | R18: =M18/M$7 -> 0.012755102 | S18: =M18/M$7 -> 0.012755102 | T18: =M18/M$7 -> 0.012755102 | U18: =M18/M$7 -> 0.012755102
A19: Bank Charges | B19: 15000 | E19: =B19/B$7 -> 0.1 | F19: =B19/B$7 -> 0.1 | G19: =B19/B$7 -> 0.1 | H19: =B19/B$7 -> 0.1 | I19: =B19/B$7 -> 0.1 | J19: =B19/B$7 -> 0.1 | L19: Bank Charges | M19: 15000 | P19: =M19/M$7 -> 0.15306122 | Q19: =M19/M$7 -> 0.15306122 | R19: =M19/M$7 -> 0.15306122 | S19: =M19/M$7 -> 0.15306122 | T19: =M19/M$7 -> 0.15306122 | U19: =M19/M$7 -> 0.15306122
A20: Brokerages | B20: 10000 | E20: =B20/B$7 -> 0.066666667 | F20: =B20/B$7 -> 0.066666667 | G20: =B20/B$7 -> 0.066666667 | H20: =B20/B$7 -> 0.066666667 | I20: =B20/B$7 -> 0.066666667 | J20: =B20/B$7 -> 0.066666667 | L20: Brokerages | M20: 10000 | P20: =M20/M$7 -> 0.10204082 | Q20: =M20/M$7 -> 0.10204082 | R20: =M20/M$7 -> 0.10204082 | S20: =M20/M$7 -> 0.10204082 | T20: =M20/M$7 -> 0.10204082 | U20: =M20/M$7 -> 0.10204082
A21: TOTAL COST | B21: =SUM(B6:B20) -> 5831058.1 | E21: =SUM(E6:E20) -> 37.777908 | F21: =SUM(F6:F20) -> 38.455598 | G21: =SUM(G6:G20) -> 37.756953 | H21: =SUM(H6:H20) -> 38.434643 | I21: =SUM(I6:I20) -> 37.720237 | J21: =SUM(J6:J20) -> 38.390583 | L21: TOTAL COST | M21: =SUM(M6:M20) -> 2732642 | P21: =SUM(P6:P20) -> 26.788289 | Q21: =SUM(Q6:Q20) -> 27.465979 | R21: =SUM(R6:R20) -> 26.767334 | S21: =SUM(S6:S20) -> 27.445024 | T21: =SUM(T6:T20) -> 26.730618 | U21: =SUM(U6:U20) -> 27.400964
A22: ROLL | E22: ='ROLLS HS'!L54 -> -16.5375 | F22: ='ROLLS LS'!K54 -> 15.875 | G22: ='ROLLS HS'!L57 -> -17.076667 | H22: ='ROLLS LS'!K57 -> 15.5575 | I22: ='ROLLS HS'!L60 -> -19.7725 | J22: ='ROLLS LS'!K60 -> 13.97 | L22: ROLL | P22: =E22 -> -16.5375 | Q22: =F22 -> 15.875 | R22: =G22 -> -17.076667 | S22: =H22 -> 15.5575 | T22: =I22 -> -19.7725 | U22: =J22 -> 13.97
A23: ROLL - COST | E23: =E22-E21 -> -54.315408 | F23: =F22-F21 -> -22.580598 | G23: =G22-G21 -> -54.83362 | H23: =H22-H21 -> -22.877143 | I23: =I22-I21 -> -57.492737 | J23: =J22-J21 -> -24.420583 | L23: ROLL - COST | P23: =P22-P21 -> -43.325789 | Q23: =Q22-Q21 -> -11.590979 | R23: =R22-R21 -> -43.844001 | S23: =S22-S21 -> -11.887524 | T23: =T22-T21 -> -46.503118 | U23: =U22-U21 -> -13.430964
A24: Arrival Date | E24: ='Loading Arrival'!G9 -> 45918 | F24: ='Loading Arrival'!G9 -> 45918 | G24: ='Loading Arrival'!H9 -> 45932 | H24: ='Loading Arrival'!H9 -> 45932 | I24: ='Loading Arrival'!I9 -> 45946 | J24: ='Loading Arrival'!I9 -> 45946 | L24: Arrival Date | P24: =E24 -> 45918 | Q24: =F24 -> 45918 | R24: =G24 -> 45932 | S24: =H24 -> 45932 | T24: =I24 -> 45946 | U24: =J24 -> 45946
A25: Arrival | E25: ='Loading Arrival'!G9 -> 45918 | G25: ='Loading Arrival'!H9 -> 45932 | I25: ='Loading Arrival'!I9 -> 45946 | L25: Arrival | P25: =E25 -> 45918 | R25: =G25 -> 45932 | T25: =I25 -> 45946

Sheet ROTT TO SING
E3: FIX+BL | G3: FIX+BL +14 | N3: FIX+BL | P3: FIX+BL +14 | R3: FIX+BL +28 | Y3: FIX+BL | AA3: FIX+BL +14 | AC3: FIX+BL +28
A4: ROTT-SING VLCC | J4: ROTT-SING SUEZ | U4: ROTT-SING AFRA
A5: Month of departure | E5: ='Loading Arrival'!B3 -> 45910 | F5: =E5 -> 45910 | G5: ='Loading Arrival'!C3 -> 45924 | H5: =G5 -> 45924 | J5: Month of departure | N5: ='Loading Arrival'!$B$11 -> 45903 | O5: ='Loading Arrival'!$B$11 -> 45903 | P5: ='Loading Arrival'!$C$11 -> 45917 | Q5: ='Loading Arrival'!$C$11 -> 45917 | R5: ='Loading Arrival'!$D$11 -> 45931 | S5: ='Loading Arrival'!$D$11 -> 45931 | U5: Month of departure | Y5: ='Loading Arrival'!$B$11 -> 45903 | Z5: ='Loading Arrival'!$B$11 -> 45903 | AA5: ='Loading Arrival'!$C$11 -> 45917 | AB5: ='Loading Arrival'!$C$11 -> 45917 | AC5: ='Loading Arrival'!$D$11 -> 45931 | AD5: ='Loading Arrival'!$D$11 -> 45931
A6: Date of departure | E6: ='Loading Arrival'!B3 -> 45910 | F6: =E6 -> 45910 | G6: ='Loading Arrival'!C3 -> 45924 | H6: ='Loading Arrival'!C3 -> 45924 | J6: Date of departure | N6: =N5 -> 45903 | O6: =O5 -> 45903 | P6: =P5 -> 45917 | Q6: =Q5 -> 45917 | R6: =R5 -> 45931 | S6: =S5 -> 45931 | U6: Date of departure | Y6: =Y5 -> 45903 | Z6: =Z5 -> 45903 | AA6: =AA5 -> 45917 | AB6: =AB5 -> 45917 | AC6: =AC5 -> 45931 | AD6: =AD5 -> 45931
E7: HS | F7: LS | G7: HS | H7: LS | N7: HS | O7: LS | P7: HS | Q7: LS | R7: HS | S7: LS | Y7: HS | Z7: LS | AA7: HS | AB7: LS | AC7: HS | AD7: LS
A8: Freight | B8: =VLOOKUP(A4,Freight!$A$2:$F$11,2,0) -> 5600000 | E8: =$B8/$B$9 -> 20.740741 | F8: =$B8/$B$9 -> 20.740741 | G8: =B8/B$9 -> 20.740741 | H8: =B8/B$9 -> 20.740741 | J8: Freight | K8: =VLOOKUP(J4,Freight!$A$2:$F$11,2,0) -> 5100000 | N8: =K8/K$9 -> 34 | O8: =K8/K$9 -> 34 | P8: =K8/K$9 -> 34 | Q8: =K8/K$9 -> 34 | R8: =K8/K$9 -> 34 | S8: =K8/K$9 -> 34 | U8: Freight | V8: =VLOOKUP(U4,Freight!$A$2:$F$11,2,0) -> 4600000 | Y8: =V8/V$9 -> 46.938776 | Z8: =V8/V$9 -> 46.938776 | AA8: =V8/V$9 -> 46.938776 | AB8: =V8/V$9 -> 46.938776 | AC8: =V8/V$9 -> 46.938776 | AD8: =V8/V$9 -> 46.938776
A9: Volume | B9: 270000 | C9: Rate | D9: Days | J9: Volume | K9: 150000 | L9: Rate | M9: Days | U9: Volume | V9: 98000 | W9: Rate | X9: Days
A10: Demurrage | B10: =C10*D10 -> 550000 | C10: =VLOOKUP($A$4,Freight!$A$2:$F$11,5,0) -> 55000 | D10: 10 | E10: =B$10/B$9 -> 2.037037 | F10: =B$10/B$9 -> 2.037037 | G10: =B10/B$9 -> 2.037037 | H10: =B10/B$9 -> 2.037037 | J10: Demurrage | K10: =L10*M10 -> 402500 | L10: =VLOOKUP(J$4,Freight!$A$2:$F$11,5,0) -> 57500 | M10: 7 | N10: =K$10/K$9 -> 2.6833333 | O10: =K$10/K$9 -> 2.6833333 | P10: =K10/K$9 -> 2.6833333 | Q10: =K10/K$9 -> 2.6833333 | R10: =K10/K$9 -> 2.6833333 | S10: =K10/K$9 -> 2.6833333 | U10: Demurrage | V10: =W10*X10 -> 212500 | W10: =VLOOKUP(U$4,Freight!$A$2:$F$11,5,0) -> 42500 | X10: 5 | Y10: =V$10/V$9 -> 2.1683673 | Z10: =V$10/V$9 -> 2.1683673 | AA10: =V10/V$9 -> 2.1683673 | AB10: =V10/V$9 -> 2.1683673 | AC10: =V10/V$9 -> 2.1683673 | AD10: =V10/V$9 -> 2.1683673
A11: Insurance | B11: 8500 | E11: =B11/B$9 -> 0.031481481 | F11: =B11/B$9 -> 0.031481481 | G11: =B11/B$9 -> 0.031481481 | H11: =B11/B$9 -> 0.031481481 | J11: Insurance | K11: 8500 | N11: =K11/K$9 -> 0.056666667 | O11: =K11/K$9 -> 0.056666667 | P11: =K11/K$9 -> 0.056666667 | Q11: =K11/K$9 -> 0.056666667 | R11: =K11/K$9 -> 0.056666667 | S11: =K11/K$9 -> 0.056666667 | U11: Insurance | V11: 8500 | Y11: =V11/V$9 -> 0.086734694 | Z11: =V11/V$9 -> 0.086734694 | AA11: =V11/V$9 -> 0.086734694 | AB11: =V11/V$9 -> 0.086734694 | AC11: =V11/V$9 -> 0.086734694 | AD11: =V11/V$9 -> 0.086734694
A12: Loading PC | B12: 25000 | E12: =B12/B$9 -> 0.092592593 | F12: =B12/B$9 -> 0.092592593 | G12: =B12/B$9 -> 0.092592593 | H12: =B12/B$9 -> 0.092592593 | J12: Loading PC | K12: 25000 | N12: =K12/K$9 -> 0.16666667 | O12: =K12/K$9 -> 0.16666667 | P12: =K12/K$9 -> 0.16666667 | Q12: =K12/K$9 -> 0.16666667 | R12: =K12/K$9 -> 0.16666667 | S12: =K12/K$9 -> 0.16666667 | U12: Loading PC | V12: 25000 | Y12: =V12/V$9 -> 0.25510204 | Z12: =V12/V$9 -> 0.25510204 | AA12: =V12/V$9 -> 0.25510204 | AB12: =V12/V$9 -> 0.25510204 | AC12: =V12/V$9 -> 0.25510204 | AD12: =V12/V$9 -> 0.25510204
A13: Discharge PC | B13: 25000 | C13: Rate | D13: Days | E13: =B13/B$9 -> 0.092592593 | F13: =B13/B$9 -> 0.092592593 | G13: =B13/B$9 -> 0.092592593 | H13: =B13/B$9 -> 0.092592593 | J13: Discharge PC | K13: 25000 | L13: Rate | M13: Days | N13: =K13/K$9 -> 0.16666667 | O13: =K13/K$9 -> 0.16666667 | P13: =K13/K$9 -> 0.16666667 | Q13: =K13/K$9 -> 0.16666667 | R13: =K13/K$9 -> 0.16666667 | S13: =K13/K$9 -> 0.16666667 | U13: Discharge PC | V13: 25000 | W13: Rate | X13: Days | Y13: =V13/V$9 -> 0.25510204 | Z13: =V13/V$9 -> 0.25510204 | AA13: =V13/V$9 -> 0.25510204 | AB13: =V13/V$9 -> 0.25510204 | AC13: =V13/V$9 -> 0.25510204 | AD13: =V13/V$9 -> 0.25510204
A14: Finance | B14: =(D14*((C14)/365)*VLOOKUP(EOMONTH(E5,-1)+1,Tullet!$A$4:$S$25,2,0))*B9 -> 935550 | C14: 0.055 | D14: 60 | E14: =(D14*((C14)/365)*VLOOKUP(EOMONTH(E5,-1)+1,Tullet!$A$4:$S$27,2,0)) -> 3.465 | F14: =(D14*((C14)/365)*VLOOKUP(EOMONTH(E5,-1)+1,Tullet!$N$4:$S$27,3,0)) -> 4.0907787 | G14: =($D$14*(($C$14)/365)*VLOOKUP(EOMONTH(G5,-1)+1,Tullet!$A$4:$S$27,2,0)) -> 3.465 | H14: =($D$14*(($C$14)/365)*VLOOKUP(EOMONTH(G5,-1)+1,Tullet!$N$4:$S$27,3,0)) -> 4.0907787 | J14: Finance | K14: =(M14*((L14)/365)*VLOOKUP(EOMONTH(N5,-1)+1,Tullet!$A$4:$S$27,2,0))*K9 -> 519750 | L14: 0.055 | M14: 60 | N14: =(M14*((L14)/365)*VLOOKUP(EOMONTH(N5,-1)+1,Tullet!$A$4:$S$27,2,0)) -> 3.465 | O14: =(M14*((L14)/365)*VLOOKUP(EOMONTH(N5,-1)+1,Tullet!$N$4:$S$27,3,0)) -> 4.0907787 | P14: =(M$14*((L$14)/365)*VLOOKUP(EOMONTH(P5,-1)+1,Tullet!$A$4:$S$27,2,0)) -> 3.465 | Q14: =(M$14*((L$14)/365)*VLOOKUP(EOMONTH(P5,-1)+1,Tullet!$N$4:$S$27,3,0)) -> 4.0907787 | R14: =(M$14*((L$14)/365)*VLOOKUP(EOMONTH(R5,-1)+1,Tullet!$A$4:$S$27,2,0)) -> 3.4310959 | S14: =(M$14*((L$14)/365)*VLOOKUP(EOMONTH(R5,-1)+1,Tullet!$N$4:$S$27,3,0)) -> 4.0500938 | U14: Finance | V14: =(X14*((W14)/365)*VLOOKUP(EOMONTH(Y5,-1)+1,Tullet!$A$4:$S$27,2,0))*V9 -> 339570 | W14: 0.055 | X14: 60 | Y14: =(X14*((W14)/365)*VLOOKUP(EOMONTH(Y5,-1)+1,Tullet!$A$4:$S$27,2,0)) -> 3.465 | Z14: =(X14*((W14)/365)*VLOOKUP(EOMONTH(Y5,-1)+1,Tullet!$N$4:$S$27,3,0)) -> 4.0907787 | AA14: =(X$14*((W$14)/365)*VLOOKUP(EOMONTH(AA5,-1)+1,Tullet!$A$4:$S$27,2,0)) -> 3.465 | AB14: =(X$14*((W$14)/365)*VLOOKUP(EOMONTH(AA5,-1)+1,Tullet!$N$4:$S$27,3,0)) -> 4.0907787 | AC14: =(X$14*((W$14)/365)*VLOOKUP(EOMONTH(AC5,-1)+1,Tullet!$A$4:$S$27,2,0)) -> 3.4310959 | AD14: =(X$14*((W$14)/365)*VLOOKUP(EOMONTH(AC5,-1)+1,Tullet!$N$4:$S$27,3,0)) -> 4.0500938
A15: Heat | J15: Heat | U15: Heat
A16: LC charges | B16: =B9*VLOOKUP(EOMONTH(E5,-1)+1,Tullet!$A$4:$S$25,2,0)*0.1% -> 103477.5 | C16: Rate | D16: Quote | E16: =VLOOKUP(EOMONTH(E5,-1)+1,Tullet!$A$4:$S$27,2,0)*0.00075 -> 0.2874375 | F16: =VLOOKUP(EOMONTH(E5,-1)+1,Tullet!$N$3:$S$27,3,0)*0.00075 -> 0.33934869 | G16: =VLOOKUP(EOMONTH(G5,-1)+1,Tullet!$A$4:$S$27,2,0)*0.00075 -> 0.2874375 | H16: =VLOOKUP(EOMONTH(G5,-1)+1,Tullet!$N$3:$S$27,3,0)*0.00075 -> 0.33934869 | J16: LC charges | K16: =K9*VLOOKUP(EOMONTH(N5,-1)+1,Tullet!$A$4:$S$25,2,0)*0.1% -> 57487.5 | L16: Rate | M16: Quote | N16: =VLOOKUP(EOMONTH(N5,-1)+1,Tullet!$A$4:$S$27,2,0)*0.00075 -> 0.2874375 | O16: =VLOOKUP(EOMONTH(N5,-1)+1,Tullet!$N$3:$S$27,3,0)*0.00075 -> 0.33934869 | P16: =VLOOKUP(EOMONTH(P5,-1)+1,Tullet!$A$4:$S$27,2,0)*0.00075 -> 0.2874375 | Q16: =VLOOKUP(EOMONTH(P5,-1)+1,Tullet!$N$3:$S$27,3,0)*0.00075 -> 0.33934869 | R16: =VLOOKUP(EOMONTH(R5,-1)+1,Tullet!$A$4:$S$27,2,0)*0.00075 -> 0.284625 | S16: =VLOOKUP(EOMONTH(R5,-1)+1,Tullet!$N$3:$S$27,3,0)*0.00075 -> 0.33597369 | U16: LC charges | V16: =V9*VLOOKUP(EOMONTH(Y5,-1)+1,Tullet!$A$4:$S$25,2,0)*0.1% -> 37558.5 | W16: Rate | X16: Quote | Y16: =VLOOKUP(EOMONTH(Y5,-1)+1,Tullet!$A$4:$S$27,2,0)*0.00075 -> 0.2874375 | Z16: =VLOOKUP(EOMONTH(Y5,-1)+1,Tullet!$N$3:$S$27,3,0)*0.00075 -> 0.33934869 | AA16: =VLOOKUP(EOMONTH(AA5,-1)+1,Tullet!$A$4:$S$27,2,0)*0.00075 -> 0.2874375 | AB16: =VLOOKUP(EOMONTH(AA5,-1)+1,Tullet!$N$3:$S$27,3,0)*0.00075 -> 0.33934869 | AC16: =VLOOKUP(EOMONTH(AC5,-1)+1,Tullet!$A$4:$S$27,2,0)*0.00075 -> 0.284625 | AD16: =VLOOKUP(EOMONTH(AC5,-1)+1,Tullet!$N$3:$S$27,3,0)*0.00075 -> 0.33597369
A17: Outturn loss | B17: =C17*$B$9*VLOOKUP(EOMONTH(E26,-1)+1,Tullet!$E$50:$I$83,4,0) -> 318532.5 | C17: 0.003 | D17: Sing 380 | E17: =$C$17*VLOOKUP(EOMONTH(E26,-1)+1,Tullet!$E$50:$I$83,4,0) -> 1.17975 | F17: =$C$17*VLOOKUP(EOMONTH(F26,-1)+1,Tullet!$E$50:$I$83,4,0) -> 1.17975 | G17: =$C$17*VLOOKUP(EOMONTH(G26,-1)+1,Tullet!$E$53:$I$83,4,0) -> 1.16925 | H17: =$C$17*VLOOKUP(EOMONTH(H26,-1)+1,Tullet!$E$53:$I$83,4,0) -> 1.16925 | J17: Outturn loss | K17: =L17*$K$9*VLOOKUP(EOMONTH(N26,-1)+1,Tullet!$E$50:$I$83,4,0) -> 177187.5 | L17: 0.003 | M17: Sing 380 | N17: =$L$17*VLOOKUP(EOMONTH(N26,-1)+1,Tullet!$E$50:$I$83,4,0) -> 1.18125 | O17: =$L$17*VLOOKUP(EOMONTH(O26,-1)+1,Tullet!$E$50:$I$83,4,0) -> 1.18125 | P17: =$L$17*VLOOKUP(EOMONTH(P26,-1)+1,Tullet!$E$50:$I$83,4,0) -> 1.17975 | Q17: =$L$17*VLOOKUP(EOMONTH(Q26,-1)+1,Tullet!$E$50:$I$83,4,0) -> 1.17975 | R17: =$L$17*VLOOKUP(EOMONTH(R26,-1)+1,Tullet!$E$53:$I$83,4,0) -> 1.17975 | S17: =$L$17*VLOOKUP(EOMONTH(S26,-1)+1,Tullet!$E$53:$I$83,4,0) -> 1.17975 | U17: Outturn loss | V17: =W17*$K$9*VLOOKUP(EOMONTH(Y26,-1)+1,Tullet!$E$50:$I$83,4,0) -> 177187.5 | W17: 0.003 | X17: Sing 380 | Y17: =$W$17*VLOOKUP(EOMONTH(Y26,-1)+1,Tullet!$E$50:$I$83,4,0) -> 1.18125 | Z17: =$W$17*VLOOKUP(EOMONTH(Z26,-1)+1,Tullet!$E$50:$I$83,4,0) -> 1.18125 | AA17: =$W$17*VLOOKUP(EOMONTH(AA26,-1)+1,Tullet!$E$50:$I$83,4,0) -> 1.17975 | AB17: =$W$17*VLOOKUP(EOMONTH(AB26,-1)+1,Tullet!$E$50:$I$83,4,0) -> 1.17975 | AC17: =$W$17*VLOOKUP(EOMONTH(AC26,-1)+1,Tullet!$E$53:$I$83,4,0) -> 1.17975 | AD17: =$W$17*VLOOKUP(EOMONTH(AD26,-1)+1,Tullet!$E$53:$I$83,4,0) -> 1.17975
A18: Inspection | B18: 12500 | E18: =B18/B$9 -> 0.046296296 | F18: =B18/B$9 -> 0.046296296 | G18: =B18/B$9 -> 0.046296296 | H18: =B18/B$9 -> 0.046296296 | J18: Inspection | K18: 12500 | N18: =K18/K$9 -> 0.083333333 | O18: =K18/K$9 -> 0.083333333 | P18: =K18/K$9 -> 0.083333333 | Q18: =K18/K$9 -> 0.083333333 | R18: =K18/K$9 -> 0.083333333 | S18: =K18/K$9 -> 0.083333333 | U18: Inspection | V18: 12500 | Y18: =V18/V$9 -> 0.12755102 | Z18: =V18/V$9 -> 0.12755102 | AA18: =V18/V$9 -> 0.12755102 | AB18: =V18/V$9 -> 0.12755102 | AC18: =V18/V$9 -> 0.12755102 | AD18: =V18/V$9 -> 0.12755102
A19: Overage Insurance | B19: 1250 | E19: =B19/B$9 -> 0.0046296296 | F19: =B19/B$9 -> 0.0046296296 | G19: =B19/B$9 -> 0.0046296296 | H19: =B19/B$9 -> 0.0046296296 | J19: Overage Insurance | K19: 1250 | N19: =K19/K$9 -> 0.0083333333 | O19: =K19/K$9 -> 0.0083333333 | P19: =K19/K$9 -> 0.0083333333 | Q19: =K19/K$9 -> 0.0083333333 | R19: =K19/K$9 -> 0.0083333333 | S19: =K19/K$9 -> 0.0083333333 | U19: Overage Insurance | V19: 1250 | Y19: =V19/V$9 -> 0.012755102 | Z19: =V19/V$9 -> 0.012755102 | AA19: =V19/V$9 -> 0.012755102 | AB19: =V19/V$9 -> 0.012755102 | AC19: =V19/V$9 -> 0.012755102 | AD19: =V19/V$9 -> 0.012755102
A20: CLL | B20: 1250 | E20: =B20/B$9 -> 0.0046296296 | F20: =B20/B$9 -> 0.0046296296 | G20: =B20/B$9 -> 0.0046296296 | H20: =B20/B$9 -> 0.0046296296 | J20: CLL | K20: 1250 | N20: =K20/K$9 -> 0.0083333333 | O20: =K20/K$9 -> 0.0083333333 | P20: =K20/K$9 -> 0.0083333333 | Q20: =K20/K$9 -> 0.0083333333 | R20: =K20/K$9 -> 0.0083333333 | S20: =K20/K$9 -> 0.0083333333 | U20: CLL | V20: 1250 | Y20: =V20/V$9 -> 0.012755102 | Z20: =V20/V$9 -> 0.012755102 | AA20: =V20/V$9 -> 0.012755102 | AB20: =V20/V$9 -> 0.012755102 | AC20: =V20/V$9 -> 0.012755102 | AD20: =V20/V$9 -> 0.012755102
A21: Bank Charges | B21: 20000 | E21: =B21/B$9 -> 0.074074074 | F21: =B21/B$9 -> 0.074074074 | G21: =B21/B$9 -> 0.074074074 | H21: =B21/B$9 -> 0.074074074 | J21: Bank Charges | K21: 15000 | N21: =K21/K$9 -> 0.1 | O21: =K21/K$9 -> 0.1 | P21: =K21/K$9 -> 0.1 | Q21: =K21/K$9 -> 0.1 | R21: =K21/K$9 -> 0.1 | S21: =K21/K$9 -> 0.1 | U21: Bank Charges | V21: 15000 | Y21: =V21/V$9 -> 0.15306122 | Z21: =V21/V$9 -> 0.15306122 | AA21: =V21/V$9 -> 0.15306122 | AB21: =V21/V$9 -> 0.15306122 | AC21: =V21/V$9 -> 0.15306122 | AD21: =V21/V$9 -> 0.15306122
A22: Brokerages | B22: 10000 | E22: =B22/B$9 -> 0.037037037 | F22: =B22/B$9 -> 0.037037037 | G22: =B22/B$9 -> 0.037037037 | H22: =B22/B$9 -> 0.037037037 | J22: Brokerages | K22: 10000 | N22: =K22/K$9 -> 0.066666667 | O22: =K22/K$9 -> 0.066666667 | P22: =K22/K$9 -> 0.066666667 | Q22: =K22/K$9 -> 0.066666667 | R22: =K22/K$9 -> 0.066666667 | S22: =K22/K$9 -> 0.066666667 | U22: Brokerages | V22: 10000 | Y22: =V22/V$9 -> 0.10204082 | Z22: =V22/V$9 -> 0.10204082 | AA22: =V22/V$9 -> 0.10204082 | AB22: =V22/V$9 -> 0.10204082 | AC22: =V22/V$9 -> 0.10204082 | AD22: =V22/V$9 -> 0.10204082
A23: TOTAL COST | B23: =SUM(B8:B22) -> 7881060 | E23: =SUM(E8:E22) -> 28.093299 | F23: =SUM(F8:F22) -> 28.770989 | G23: =SUM(G8:G22) -> 28.082799 | H23: =SUM(H8:H22) -> 28.760489 | J23: TOTAL COST | K23: =SUM(K8:K22) -> 6505425 | N23: =SUM(N8:N22) -> 42.273688 | O23: =SUM(O8:O22) -> 42.951377 | P23: =SUM(P8:P22) -> 42.272188 | Q23: =SUM(Q8:Q22) -> 42.949877 | R23: =SUM(R8:R22) -> 42.235471 | S23: =SUM(S8:S22) -> 42.905817 | U23: TOTAL COST | V23: =SUM(V8:V22) -> 5563316 | Y23: =SUM(Y8:Y22) -> 55.045932 | Z23: =SUM(Z8:Z22) -> 55.723622 | AA23: =SUM(AA8:AA22) -> 55.044432 | AB23: =SUM(AB8:AB22) -> 55.722122 | AC23: =SUM(AC8:AC22) -> 55.007716 | AD23: =SUM(AD8:AD22) -> 55.678062
A24: ROLL | E24: ='ROLLS HS'!L4 -> 10.136364 | F24: ='ROLLS LS'!K4 -> 29.617045 | G24: ='ROLLS HS'!L7 -> 10.401515 | H24: ='ROLLS LS'!K7 -> 30.336742 | J24: ROLL | N24: ='ROLLS HS'!L14 -> 10 | O24: ='ROLLS LS'!K14 -> 28.6625 | P24: ='ROLLS HS'!L17 -> 10.125 | Q24: ='ROLLS LS'!K17 -> 29.5375 | R24: ='ROLLS HS'!L20 -> 10.25 | S24: ='ROLLS LS'!K20 -> 30.4125 | U24: ROLL | Y24: ='ROLLS HS'!L14 -> 10 | Z24: ='ROLLS LS'!K14 -> 28.6625 | AA24: ='ROLLS HS'!L17 -> 10.125 | AB24: ='ROLLS LS'!K17 -> 29.5375 | AC24: ='ROLLS HS'!L20 -> 10.25 | AD24: ='ROLLS LS'!K20 -> 30.4125
A25: ROLL - COST | E25: =E24-E23 -> -17.956935 | F25: =F24-F23 -> 0.84605692 | G25: =G24-G23 -> -17.681283 | H25: =H24-H23 -> 1.5762539 | J25: ROLL - COST | N25: =N24-N23 -> -32.273688 | O25: =O24-O23 -> -14.288877 | P25: =P24-P23 -> -32.147188 | Q25: =Q24-Q23 -> -13.412377 | R25: =R24-R23 -> -31.985471 | S25: =S24-S23 -> -12.493317 | U25: ROLL - COST | Y25: =Y24-Y23 -> -45.045932 | Z25: =Z24-Z23 -> -27.061122 | AA25: =AA24-AA23 -> -44.919432 | AB25: =AB24-AB23 -> -26.184622 | AC25: =AC24-AC23 -> -44.757716 | AD25: =AD24-AD23 -> -25.265562
A26: Arrival Date | E26: ='Loading Arrival'!B9 -> 45955 | F26: ='Loading Arrival'!B9 -> 45955 | G26: ='Loading Arrival'!C9 -> 45969 | H26: ='Loading Arrival'!C9 -> 45969 | J26: Arrival Date | N26: ='Loading Arrival'!$B$17 -> 45930 | O26: ='Loading Arrival'!$B$17 -> 45930 | P26: ='Loading Arrival'!$C$17 -> 45944 | Q26: ='Loading Arrival'!$C$17 -> 45944 | R26: ='Loading Arrival'!$D$17 -> 45958 | S26: ='Loading Arrival'!$D$17 -> 45958 | U26: Arrival Date | Y26: ='Loading Arrival'!$B$17 -> 45930 | Z26: ='Loading Arrival'!$B$17 -> 45930 | AA26: ='Loading Arrival'!$C$17 -> 45944 | AB26: ='Loading Arrival'!$C$17 -> 45944 | AC26: ='Loading Arrival'!$D$17 -> 45958 | AD26: ='Loading Arrival'!$D$17 -> 45958
A27: Arrival | E27: ='Loading Arrival'!B9 -> 45955 | G27: ='Loading Arrival'!C9 -> 45969 | J27: Arrival | N27: ='Loading Arrival'!B17 -> 45930 | P27: ='Loading Arrival'!C17 -> 45944 | R27: ='Loading Arrival'!D17 -> 45958 | U27: Arrival | Y27: ='Loading Arrival'!B17 -> 45930 | AA27: ='Loading Arrival'!C17 -> 45944 | AC27: ='Loading Arrival'!D17 -> 45958

Sheet ROTT TO AG
E3: FIX+BL | G3: FIX+BL +14 | I3: FIX+BL +28 | P3: FIX+BL | R3: FIX+BL +14 | T3: FIX+BL +28
A4: ROTT-AG SUEZ | E4: ='Loading Arrival'!B11 -> 45903 | G4: ='Loading Arrival'!C11 -> 45917 | I4: ='Loading Arrival'!D11 -> 45931 | L4: ROTT-AG AFRA | P4: =E4 -> 45903 | R4: =G4 -> 45917 | T4: =I4 -> 45931
E5: HS | F5: LS | G5: HS | H5: LS | I5: HS | J5: LS | P5: HS | Q5: LS | R5: HS | S5: LS | T5: HS | U5: LS
A6: Freight | B6: =VLOOKUP(A4,Freight!$A$2:$F$11,2,0) -> 4900000 | E6: =B6/B$7 -> 32.666667 | F6: =B6/B$7 -> 32.666667 | G6: =B6/B$7 -> 32.666667 | H6: =B6/B$7 -> 32.666667 | I6: =B6/B$7 -> 32.666667 | J6: =B6/B$7 -> 32.666667 | L6: Freight | M6: =VLOOKUP(L4,Freight!$A$2:$F$11,2,0) -> 4200000 | P6: =M6/M$7 -> 42.857143 | Q6: =M6/M$7 -> 42.857143 | R6: =M6/M$7 -> 42.857143 | S6: =M6/M$7 -> 42.857143 | T6: =M6/M$7 -> 42.857143 | U6: =M6/M$7 -> 42.857143
A7: Volume | B7: 150000 | C7: Rate | D7: Days | L7: Volume | M7: 98000 | N7: Rate | O7: Days
A8: Demurrage | B8: =C8*D8 -> 575000 | C8: =VLOOKUP(A$4,Freight!$A$2:$F$11,5,0) -> 57500 | D8: 10 | E8: =B$8/B$7 -> 3.8333333 | F8: =B$8/B$7 -> 3.8333333 | G8: =B8/B$7 -> 3.8333333 | H8: =B8/B$7 -> 3.8333333 | I8: =B8/B$7 -> 3.8333333 | J8: =B8/B$7 -> 3.8333333 | L8: Demurrage | M8: =N8*O8 -> 297500 | N8: =VLOOKUP(L$4,Freight!$A$2:$F$11,5,0) -> 42500 | O8: 7 | P8: =M$8/M$7 -> 3.0357143 | Q8: =M$8/M$7 -> 3.0357143 | R8: =M8/M$7 -> 3.0357143 | S8: =M8/M$7 -> 3.0357143 | T8: =M8/M$7 -> 3.0357143 | U8: =M8/M$7 -> 3.0357143
A9: Insurance | B9: 15000 | E9: =B9/B$7 -> 0.1 | F9: =B9/B$7 -> 0.1 | G9: =B9/B$7 -> 0.1 | H9: =B9/B$7 -> 0.1 | I9: =B9/B$7 -> 0.1 | J9: =B9/B$7 -> 0.1 | L9: Insurance | M9: 15000 | P9: =M9/M$7 -> 0.15306122 | Q9: =M9/M$7 -> 0.15306122 | R9: =M9/M$7 -> 0.15306122 | S9: =M9/M$7 -> 0.15306122 | T9: =M9/M$7 -> 0.15306122 | U9: =M9/M$7 -> 0.15306122
A10: Loading PC | B10: 25000 | E10: =B10/B$7 -> 0.16666667 | F10: =B10/B$7 -> 0.16666667 | G10: =B10/B$7 -> 0.16666667 | H10: =B10/B$7 -> 0.16666667 | I10: =B10/B$7 -> 0.16666667 | J10: =B10/B$7 -> 0.16666667 | L10: Loading PC | M10: 25000 | P10: =M10/M$7 -> 0.25510204 | Q10: =M10/M$7 -> 0.25510204 | R10: =M10/M$7 -> 0.25510204 | S10: =M10/M$7 -> 0.25510204 | T10: =M10/M$7 -> 0.25510204 | U10: =M10/M$7 -> 0.25510204
A11: Discharge PC | B11: 25000 | C11: Rate | D11: Days | E11: =B11/B$7 -> 0.16666667 | F11: =B11/B$7 -> 0.16666667 | G11: =B11/B$7 -> 0.16666667 | H11: =B11/B$7 -> 0.16666667 | I11: =B11/B$7 -> 0.16666667 | J11: =B11/B$7 -> 0.16666667 | L11: Discharge PC | M11: 25000 | N11: Rate | O11: Days | P11: =M11/M$7 -> 0.25510204 | Q11: =M11/M$7 -> 0.25510204 | R11: =M11/M$7 -> 0.25510204 | S11: =M11/M$7 -> 0.25510204 | T11: =M11/M$7 -> 0.25510204 | U11: =M11/M$7 -> 0.25510204
A12: Finance | B12: =(D12*((C12)/365)*VLOOKUP(EOMONTH(E4,-1)+1,Tullet!$A$4:$S$27,2,0))*B7 -> 519750 | C12: 0.055 | D12: 60 | E12: =(D12*((C12)/365)*VLOOKUP(EOMONTH(E4,-1)+1,Tullet!$A$4:$S$27,2,0)) -> 3.465 | F12: =(D12*((C12)/365)*VLOOKUP(EOMONTH(E4,-1)+1,Tullet!$N$4:$S$27,3,0)) -> 4.0907787 | G12: =(D$12*((C$12)/365)*VLOOKUP(EOMONTH(G4,-1)+1,Tullet!$A$4:$S$27,2,0)) -> 3.465 | H12: =(D$12*((C$12)/365)*VLOOKUP(EOMONTH(G4,-1)+1,Tullet!$N$4:$S$27,3,0)) -> 4.0907787 | I12: =(D$12*((C$12)/365)*VLOOKUP(EOMONTH(I4,-1)+1,Tullet!$A$4:$S$27,2,0)) -> 3.4310959 | J12: =(D$12*((C$12)/365)*VLOOKUP(EOMONTH(I4,-1)+1,Tullet!$N$4:$S$27,3,0)) -> 4.0500938 | L12: Finance | M12: =(O12*((N12)/365)*VLOOKUP(EOMONTH(P4,-1)+1,Tullet!$A$4:$S$27,2,0))*M7 -> 339570 | N12: 0.055 | O12: 60 | P12: =(O12*((N12)/365)*VLOOKUP(EOMONTH(P4,-1)+1,Tullet!$A$4:$S$27,2,0)) -> 3.465 | Q12: =(O12*((N12)/365)*VLOOKUP(EOMONTH(P4,-1)+1,Tullet!$N$4:$S$27,3,0)) -> 4.0907787 | R12: =(O$12*((N$12)/365)*VLOOKUP(EOMONTH(R4,-1)+1,Tullet!$A$4:$S$27,2,0)) -> 3.465 | S12: =(O$12*((N$12)/365)*VLOOKUP(EOMONTH(R4,-1)+1,Tullet!$N$4:$S$27,3,0)) -> 4.0907787 | T12: =(O$12*((N$12)/365)*VLOOKUP(EOMONTH(T4,-1)+1,Tullet!$A$4:$S$27,2,0)) -> 3.4310959 | U12: =(O$12*((N$12)/365)*VLOOKUP(EOMONTH(T4,-1)+1,Tullet!$N$4:$S$27,3,0)) -> 4.0500938
A13: Heat | L13: Heat
A14: LC charges | B14: =B7*VLOOKUP(EOMONTH(E4,-1)+1,Tullet!$A$4:$S$27,2,0)*0.1% -> 57487.5 | C14: Rate | D14: Quote | E14: =VLOOKUP(EOMONTH(E4,-1)+1,Tullet!$A$4:$S$27,2,0)*0.00075 -> 0.2874375 | F14: =VLOOKUP(EOMONTH(E4,-1)+1,Tullet!$N$3:$S$27,3,0)*0.00075 -> 0.33934869 | G14: =VLOOKUP(EOMONTH(G4,-1)+1,Tullet!$A$4:$S$27,2,0)*0.00075 -> 0.2874375 | H14: =VLOOKUP(EOMONTH(G4,-1)+1,Tullet!$N$3:$S$27,3,0)*0.00075 -> 0.33934869 | I14: =VLOOKUP(EOMONTH(I4,-1)+1,Tullet!$A$4:$S$27,2,0)*0.00075 -> 0.284625 | J14: =VLOOKUP(EOMONTH(I4,-1)+1,Tullet!$N$3:$S$27,3,0)*0.00075 -> 0.33597369 | L14: LC charges | M14: =M7*VLOOKUP(EOMONTH(P4,-1)+1,Tullet!$A$4:$S$27,2,0)*0.1% -> 37558.5 | N14: Rate | O14: Quote | P14: =VLOOKUP(EOMONTH(P4,-1)+1,Tullet!$A$4:$S$27,2,0)*0.00075 -> 0.2874375 | Q14: =VLOOKUP(EOMONTH(P4,-1)+1,Tullet!$N$3:$S$27,3,0)*0.00075 -> 0.33934869 | R14: =VLOOKUP(EOMONTH(R4,-1)+1,Tullet!$A$4:$S$27,2,0)*0.00075 -> 0.2874375 | S14: =VLOOKUP(EOMONTH(R4,-1)+1,Tullet!$N$3:$S$27,3,0)*0.00075 -> 0.33934869 | T14: =VLOOKUP(EOMONTH(T4,-1)+1,Tullet!$A$4:$S$27,2,0)*0.00075 -> 0.284625 | U14: =VLOOKUP(EOMONTH(T4,-1)+1,Tullet!$N$3:$S$27,3,0)*0.00075 -> 0.33597369
A15: Outturn loss | B15: =C15*$B$7*VLOOKUP(EOMONTH(E24,-1)+1,Tullet!$E$35:$I$63,4,0) -> 20655450 | C15: 0.003 | D15: Sing 380 | E15: =C$15*VLOOKUP(EOMONTH(E24,-1)+1,Tullet!$E$35:$I$63,4,0) -> 137.703 | F15: =C$15*VLOOKUP(EOMONTH(F24,-1)+1,Tullet!$N$35:$S$63,3,0) -> 1.293 | G15: =C$15*VLOOKUP(EOMONTH(G24,-1)+1,Tullet!$E$35:$I$63,4,0) -> 137.793 | H15: =C$15*VLOOKUP(EOMONTH(H24,-1)+1,Tullet!$N$35:$S$63,3,0) -> 1.27575 | I15: =C$15*VLOOKUP(EOMONTH(I24,-1)+1,Tullet!$E$35:$I$63,4,0) -> 137.793 | J15: =C$15*VLOOKUP(EOMONTH(J24,-1)+1,Tullet!$N$35:$S$63,3,0) -> 1.27575 | L15: Outturn loss | M15: =N15*$M$7*VLOOKUP(EOMONTH(P24,-1)+1,Tullet!$E$35:$I$63,4,0) -> 13494894 | N15: 0.003 | O15: Sing 380 | P15: =N$15*VLOOKUP(EOMONTH(P24,-1)+1,Tullet!$E$35:$I$63,4,0) -> 137.703 | Q15: =N$15*VLOOKUP(EOMONTH(Q24,-1)+1,Tullet!$N$35:$S$63,3,0) -> 1.293 | R15: =N$15*VLOOKUP(EOMONTH(R24,-1)+1,Tullet!$E$35:$I$63,4,0) -> 137.793 | S15: =N$15*VLOOKUP(EOMONTH(S24,-1)+1,Tullet!$N$35:$S$63,3,0) -> 1.27575 | T15: =N$15*VLOOKUP(EOMONTH(T24,-1)+1,Tullet!$E$35:$I$63,4,0) -> 137.793 | U15: =N$15*VLOOKUP(EOMONTH(U24,-1)+1,Tullet!$N$35:$S$63,3,0) -> 1.27575
A16: Inspection | B16: 12500 | E16: =B16/B$7 -> 0.083333333 | F16: =B16/B$7 -> 0.083333333 | G16: =B16/B$7 -> 0.083333333 | H16: =B16/B$7 -> 0.083333333 | I16: =B16/B$7 -> 0.083333333 | J16: =B16/B$7 -> 0.083333333 | L16: Inspection | M16: 12500 | P16: =M16/M$7 -> 0.12755102 | Q16: =M16/M$7 -> 0.12755102 | R16: =M16/M$7 -> 0.12755102 | S16: =M16/M$7 -> 0.12755102 | T16: =M16/M$7 -> 0.12755102 | U16: =M16/M$7 -> 0.12755102
A17: Overage Insurance | B17: 1250 | E17: =B17/B$7 -> 0.0083333333 | F17: =B17/B$7 -> 0.0083333333 | G17: =B17/B$7 -> 0.0083333333 | H17: =B17/B$7 -> 0.0083333333 | I17: =B17/B$7 -> 0.0083333333 | J17: =B17/B$7 -> 0.0083333333 | L17: Overage Insurance | M17: 1250 | P17: =M17/M$7 -> 0.012755102 | Q17: =M17/M$7 -> 0.012755102 | R17: =M17/M$7 -> 0.012755102 | S17: =M17/M$7 -> 0.012755102 | T17: =M17/M$7 -> 0.012755102 | U17: =M17/M$7 -> 0.012755102
A18: CLL | B18: 1250 | E18: =B18/B$7 -> 0.0083333333 | F18: =B18/B$7 -> 0.0083333333 | G18: =B18/B$7 -> 0.0083333333 | H18: =B18/B$7 -> 0.0083333333 | I18: =B18/B$7 -> 0.0083333333 | J18: =B18/B$7 -> 0.0083333333 | L18: CLL | M18: 1250 | P18: =M18/M$7 -> 0.012755102 | Q18: =M18/M$7 -> 0.012755102 | R18: =M18/M$7 -> 0.012755102 | S18: =M18/M$7 -> 0.012755102 | T18: =M18/M$7 -> 0.012755102 | U18: =M18/M$7 -> 0.012755102
A19: Bank Charges | B19: 15000 | E19: =B19/B$7 -> 0.1 | F19: =B19/B$7 -> 0.1 | G19: =B19/B$7 -> 0.1 | H19: =B19/B$7 -> 0.1 | I19: =B19/B$7 -> 0.1 | J19: =B19/B$7 -> 0.1 | L19: Bank Charges | M19: 15000 | P19: =M19/M$7 -> 0.15306122 | Q19: =M19/M$7 -> 0.15306122 | R19: =M19/M$7 -> 0.15306122 | S19: =M19/M$7 -> 0.15306122 | T19: =M19/M$7 -> 0.15306122 | U19: =M19/M$7 -> 0.15306122
A20: Brokerages | B20: 10000 | E20: =B20/B$7 -> 0.066666667 | F20: =B20/B$7 -> 0.066666667 | G20: =B20/B$7 -> 0.066666667 | H20: =B20/B$7 -> 0.066666667 | I20: =B20/B$7 -> 0.066666667 | J20: =B20/B$7 -> 0.066666667 | L20: Brokerages | M20: 10000 | P20: =M20/M$7 -> 0.10204082 | Q20: =M20/M$7 -> 0.10204082 | R20: =M20/M$7 -> 0.10204082 | S20: =M20/M$7 -> 0.10204082 | T20: =M20/M$7 -> 0.10204082 | U20: =M20/M$7 -> 0.10204082
A21: TOTAL COST | B21: =SUM(B6:B20) -> 26962688 | E21: =SUM(E6:E20) -> 178.65544 | F21: =SUM(F6:F20) -> 42.923127 | G21: =SUM(G6:G20) -> 178.74544 | H21: =SUM(H6:H20) -> 42.905877 | I21: =SUM(I6:I20) -> 178.70872 | J21: =SUM(J6:J20) -> 42.861817 | L21: TOTAL COST | M21: =SUM(M6:M20) -> 18572522 | P21: =SUM(P6:P20) -> 188.41972 | Q21: =SUM(Q6:Q20) -> 52.687413 | R21: =SUM(R6:R20) -> 188.50972 | S21: =SUM(S6:S20) -> 52.670163 | T21: =SUM(T6:T20) -> 188.47301 | U21: =SUM(U6:U20) -> 52.626103
A22: ROLL | E22: ='ROLLS HS'!L34 -> 10 | F22: ='ROLLS LS'!K34 -> 28.6625 | G22: ='ROLLS HS'!L37 -> 10.083333 | H22: ='ROLLS LS'!K37 -> 29.245833 | I22: ='ROLLS HS'!L40 -> 10.25 | J22: ='ROLLS LS'!K40 -> 30.4125 | L22: ROLL | P22: =E22 -> 10 | Q22: =F22 -> 28.6625 | R22: =G22 -> 10.083333 | S22: =H22 -> 29.245833 | T22: =I22 -> 10.25 | U22: =J22 -> 30.4125
A23: ROLL - COST | E23: =E22-E21 -> -168.65544 | F23: =F22-F21 -> -14.260627 | G23: =G22-G21 -> -168.6621 | H23: =H22-H21 -> -13.660044 | I23: =I22-I21 -> -168.45872 | J23: =J22-J21 -> -12.449317 | L23: ROLL - COST | P23: =P22-P21 -> -178.41972 | Q23: =Q22-Q21 -> -24.024913 | R23: =R22-R21 -> -178.42639 | S23: =S22-S21 -> -23.42433 | T23: =T22-T21 -> -178.22301 | U23: =U22-U21 -> -22.213603
A24: Arrival Date | E24: ='Loading Arrival'!B35 -> 45923 | F24: ='Loading Arrival'!B17 -> 45930 | G24: ='Loading Arrival'!C17 -> 45944 | H24: ='Loading Arrival'!C17 -> 45944 | I24: ='Loading Arrival'!D17 -> 45958 | J24: ='Loading Arrival'!D17 -> 45958 | L24: Arrival Date | P24: =E24 -> 45923 | Q24: =F24 -> 45930 | R24: =G24 -> 45944 | S24: =H24 -> 45944 | T24: =I24 -> 45958 | U24: =J24 -> 45958
A25: Arrival | E25: ='Loading Arrival'!B35 -> 45923 | G25: ='Loading Arrival'!L9 -> 0 | I25: ='Loading Arrival'!N9 -> 0 | L25: Arrival | P25: ='Loading Arrival'!V9 -> 0 | R25: ='Loading Arrival'!W9 -> 0 | T25: ='Loading Arrival'!Y9 -> 0

Sheet MED TO SING
E3: FIX+BL | G3: FIX+BL +14 | I3: FIX+BL +28 | P3: FIX+BL | R3: FIX+BL +14 | T3: FIX+BL +28
A4: MED-SING SUEZ | E4: ='Loading Arrival'!B11 -> 45903 | G4: ='Loading Arrival'!C11 -> 45917 | I4: ='Loading Arrival'!D11 -> 45931 | L4: MED-SING AFRA | P4: =E4 -> 45903 | R4: =G4 -> 45917 | T4: =I4 -> 45931
E5: HS | F5: LS | G5: HS | H5: LS | I5: HS | J5: LS | P5: HS | Q5: LS | R5: HS | S5: LS | T5: HS | U5: LS
A6: Freight | B6: =VLOOKUP(A4,Freight!$A$2:$F$11,2,0) -> 4800000 | E6: =B6/B$7 -> 32 | F6: =B6/B$7 -> 32 | G6: =B6/B$7 -> 32 | H6: =B6/B$7 -> 32 | I6: =B6/B$7 -> 32 | J6: =B6/B$7 -> 32 | L6: Freight | M6: =VLOOKUP(L4,Freight!$A$2:$F$11,2,0) -> 4300000 | P6: =M6/M$7 -> 43 | Q6: =M6/M$7 -> 43 | R6: =M6/M$7 -> 43 | S6: =M6/M$7 -> 43 | T6: =M6/M$7 -> 43 | U6: =M6/M$7 -> 43
A7: Volume | B7: 150000 | C7: Rate | D7: Days | L7: Volume | M7: 100000 | N7: Rate | O7: Days
A8: Demurrage | B8: =C8*D8 -> 402500 | C8: =VLOOKUP(A$4,Freight!$A$2:$F$11,5,0) -> 57500 | D8: 7 | E8: =B$8/B$7 -> 2.6833333 | F8: =B$8/B$7 -> 2.6833333 | G8: =B8/B$7 -> 2.6833333 | H8: =B8/B$7 -> 2.6833333 | I8: =B8/B$7 -> 2.6833333 | J8: =B8/B$7 -> 2.6833333 | L8: Demurrage | M8: =N8*O8 -> 212500 | N8: =VLOOKUP(L$4,Freight!$A$2:$F$11,5,0) -> 42500 | O8: 5 | P8: =M$8/M$7 -> 2.125 | Q8: =M$8/M$7 -> 2.125 | R8: =M8/M$7 -> 2.125 | S8: =M8/M$7 -> 2.125 | T8: =M8/M$7 -> 2.125 | U8: =M8/M$7 -> 2.125
A9: Insurance | B9: 15000 | E9: =B9/B$7 -> 0.1 | F9: =B9/B$7 -> 0.1 | G9: =B9/B$7 -> 0.1 | H9: =B9/B$7 -> 0.1 | I9: =B9/B$7 -> 0.1 | J9: =B9/B$7 -> 0.1 | L9: Insurance | M9: 8500 | P9: =M9/M$7 -> 0.085 | Q9: =M9/M$7 -> 0.085 | R9: =M9/M$7 -> 0.085 | S9: =M9/M$7 -> 0.085 | T9: =M9/M$7 -> 0.085 | U9: =M9/M$7 -> 0.085
A10: Loading PC | B10: 25000 | E10: =B10/B$7 -> 0.16666667 | F10: =B10/B$7 -> 0.16666667 | G10: =B10/B$7 -> 0.16666667 | H10: =B10/B$7 -> 0.16666667 | I10: =B10/B$7 -> 0.16666667 | J10: =B10/B$7 -> 0.16666667 | L10: Loading PC | M10: 25000 | P10: =M10/M$7 -> 0.25 | Q10: =M10/M$7 -> 0.25 | R10: =M10/M$7 -> 0.25 | S10: =M10/M$7 -> 0.25 | T10: =M10/M$7 -> 0.25 | U10: =M10/M$7 -> 0.25
A11: Discharge PC | B11: 25000 | C11: Rate | D11: Days | E11: =B11/B$7 -> 0.16666667 | F11: =B11/B$7 -> 0.16666667 | G11: =B11/B$7 -> 0.16666667 | H11: =B11/B$7 -> 0.16666667 | I11: =B11/B$7 -> 0.16666667 | J11: =B11/B$7 -> 0.16666667 | L11: Discharge PC | M11: 25000 | N11: Rate | O11: Days | P11: =M11/M$7 -> 0.25 | Q11: =M11/M$7 -> 0.25 | R11: =M11/M$7 -> 0.25 | S11: =M11/M$7 -> 0.25 | T11: =M11/M$7 -> 0.25 | U11: =M11/M$7 -> 0.25
A12: Finance | B12: =(D12*((C12)/365)*VLOOKUP(EOMONTH(E4,-1)+1,Tullet!$A$4:$S$25,2,0))*B7 -> 519750 | C12: 0.055 | D12: 60 | E12: =(D12*((C12)/365)*VLOOKUP(EOMONTH(E4,-1)+1,Tullet!$A$4:$S$27,2,0)) -> 3.465 | F12: =(D12*((C12)/365)*VLOOKUP(EOMONTH(E4,-1)+1,Tullet!$N$4:$S$27,3,0)) -> 4.0907787 | G12: =(D$12*((C$12)/365)*VLOOKUP(EOMONTH(G4,-1)+1,Tullet!$A$4:$S$27,2,0)) -> 3.465 | H12: =(D$12*((C$12)/365)*VLOOKUP(EOMONTH(G4,-1)+1,Tullet!$N$4:$S$27,3,0)) -> 4.0907787 | I12: =(D$12*((C$12)/365)*VLOOKUP(EOMONTH(I4,-1)+1,Tullet!$A$4:$S$27,2,0)) -> 3.4310959 | J12: =(D$12*((C$12)/365)*VLOOKUP(EOMONTH(I4,-1)+1,Tullet!$N$4:$S$27,3,0)) -> 4.0500938 | L12: Finance | M12: =(O12*((N12)/365)*VLOOKUP(EOMONTH(P4,-1)+1,Tullet!$A$4:$S$25,2,0))*M7 -> 346500 | N12: 0.055 | O12: 60 | P12: =(O12*((N12)/365)*VLOOKUP(EOMONTH(P4,-1)+1,Tullet!$A$4:$S$27,2,0)) -> 3.465 | Q12: =(O12*((N12)/365)*VLOOKUP(EOMONTH(P4,-1)+1,Tullet!$N$4:$S$27,3,0)) -> 4.0907787 | R12: =(O$12*((N$12)/365)*VLOOKUP(EOMONTH(R4,-1)+1,Tullet!$A$4:$S$27,2,0)) -> 3.465 | S12: =(O$12*((N$12)/365)*VLOOKUP(EOMONTH(R4,-1)+1,Tullet!$N$4:$S$27,3,0)) -> 4.0907787 | T12: =(O$12*((N$12)/365)*VLOOKUP(EOMONTH(T4,-1)+1,Tullet!$A$4:$S$27,2,0)) -> 3.4310959 | U12: =(O$12*((N$12)/365)*VLOOKUP(EOMONTH(T4,-1)+1,Tullet!$N$4:$S$27,3,0)) -> 4.0500938
A13: Heat | L13: Heat
A14: LC charges | B14: =B7*VLOOKUP(EOMONTH(E4,-1)+1,Tullet!$A$4:$S$25,2,0)*0.1% -> 57487.5 | C14: Rate | D14: Quote | E14: =VLOOKUP(EOMONTH(E4,-1)+1,Tullet!$A$4:$S$27,2,0)*0.00075 -> 0.2874375 | F14: =VLOOKUP(EOMONTH(E4,-1)+1,Tullet!$N$3:$S$27,3,0)*0.00075 -> 0.33934869 | G14: =VLOOKUP(EOMONTH(G4,-1)+1,Tullet!$A$4:$S$27,2,0)*0.00075 -> 0.2874375 | H14: =VLOOKUP(EOMONTH(G4,-1)+1,Tullet!$N$3:$S$27,3,0)*0.00075 -> 0.33934869 | I14: =VLOOKUP(EOMONTH(I4,-1)+1,Tullet!$A$4:$S$27,2,0)*0.00075 -> 0.284625 | J14: =VLOOKUP(EOMONTH(I4,-1)+1,Tullet!$N$3:$S$27,3,0)*0.00075 -> 0.33597369 | L14: LC charges | M14: =M7*VLOOKUP(EOMONTH(P4,-1)+1,Tullet!$A$4:$S$25,2,0)*0.1% -> 38325 | N14: Rate | O14: Quote | P14: =VLOOKUP(EOMONTH(P4,-1)+1,Tullet!$A$4:$S$27,2,0)*0.00075 -> 0.2874375 | Q14: =VLOOKUP(EOMONTH(P4,-1)+1,Tullet!$N$3:$S$27,3,0)*0.00075 -> 0.33934869 | R14: =VLOOKUP(EOMONTH(R4,-1)+1,Tullet!$A$4:$S$27,2,0)*0.00075 -> 0.2874375 | S14: =VLOOKUP(EOMONTH(R4,-1)+1,Tullet!$N$3:$S$27,3,0)*0.00075 -> 0.33934869 | T14: =VLOOKUP(EOMONTH(T4,-1)+1,Tullet!$A$4:$S$27,2,0)*0.00075 -> 0.284625 | U14: =VLOOKUP(EOMONTH(T4,-1)+1,Tullet!$N$3:$S$27,3,0)*0.00075 -> 0.33597369
A15: Outturn loss | B15: =C15*$B$7*VLOOKUP(EOMONTH(E24,-1)+1,Tullet!$E$50:$I$83,4,0) -> 177187.5 | C15: 0.003 | D15: Sing 380 | E15: =$C$15*VLOOKUP(EOMONTH(E24,-1)+1,Tullet!$E$50:$I$83,4,0) -> 1.18125 | F15: =$C$15*VLOOKUP(EOMONTH(F24,-1)+1,Tullet!$E$50:$I$83,4,0) -> 1.18125 | G15: =$C$15*VLOOKUP(EOMONTH(G24,-1)+1,Tullet!$E$50:$I$83,4,0) -> 1.17975 | H15: =$C$15*VLOOKUP(EOMONTH(H24,-1)+1,Tullet!$E$50:$I$83,4,0) -> 1.17975 | I15: =$C$15*VLOOKUP(EOMONTH(I24,-1)+1,Tullet!$E$53:$I$83,4,0) -> 1.17975 | J15: =$C$15*VLOOKUP(EOMONTH(J24,-1)+1,Tullet!$E$53:$I$83,4,0) -> 1.17975 | L15: Outturn loss | M15: =N15*$B$7*VLOOKUP(EOMONTH(P24,-1)+1,Tullet!$E$50:$I$83,4,0) -> 177187.5 | N15: 0.003 | O15: Sing 380 | P15: =$N$15*VLOOKUP(EOMONTH(P24,-1)+1,Tullet!$E$50:$I$83,4,0) -> 1.18125 | Q15: =$N$15*VLOOKUP(EOMONTH(Q24,-1)+1,Tullet!$E$50:$I$83,4,0) -> 1.18125 | R15: =$N$15*VLOOKUP(EOMONTH(R24,-1)+1,Tullet!$E$50:$I$83,4,0) -> 1.17975 | S15: =$N$15*VLOOKUP(EOMONTH(S24,-1)+1,Tullet!$E$50:$I$83,4,0) -> 1.17975 | T15: =$N$15*VLOOKUP(EOMONTH(T24,-1)+1,Tullet!$E$53:$I$83,4,0) -> 1.17975 | U15: =$N$15*VLOOKUP(EOMONTH(U24,-1)+1,Tullet!$E$53:$I$83,4,0) -> 1.17975
A16: Inspection | B16: 12500 | E16: =B16/B$7 -> 0.083333333 | F16: =B16/B$7 -> 0.083333333 | G16: =B16/B$7 -> 0.083333333 | H16: =B16/B$7 -> 0.083333333 | I16: =B16/B$7 -> 0.083333333 | J16: =B16/B$7 -> 0.083333333 | L16: Inspection | M16: 12500 | P16: =M16/M$7 -> 0.125 | Q16: =M16/M$7 -> 0.125 | R16: =M16/M$7 -> 0.125 | S16: =M16/M$7 -> 0.125 | T16: =M16/M$7 -> 0.125 | U16: =M16/M$7 -> 0.125
A17: Overage Insurance | B17: 1250 | E17: =B17/B$7 -> 0.0083333333 | F17: =B17/B$7 -> 0.0083333333 | G17: =B17/B$7 -> 0.0083333333 | H17: =B17/B$7 -> 0.0083333333 | I17: =B17/B$7 -> 0.0083333333 | J17: =B17/B$7 -> 0.0083333333 | L17: Overage Insurance | M17: 1250 | P17: =M17/M$7 -> 0.0125 | Q17: =M17/M$7 -> 0.0125 | R17: =M17/M$7 -> 0.0125 | S17: =M17/M$7 -> 0.0125 | T17: =M17/M$7 -> 0.0125 | U17: =M17/M$7 -> 0.0125
A18: CLL | B18: 1250 | E18: =B18/B$7 -> 0.0083333333 | F18: =B18/B$7 -> 0.0083333333 | G18: =B18/B$7 -> 0.0083333333 | H18: =B18/B$7 -> 0.0083333333 | I18: =B18/B$7 -> 0.0083333333 | J18: =B18/B$7 -> 0.0083333333 | L18: CLL | M18: 1250 | P18: =M18/M$7 -> 0.0125 | Q18: =M18/M$7 -> 0.0125 | R18: =M18/M$7 -> 0.0125 | S18: =M18/M$7 -> 0.0125 | T18: =M18/M$7 -> 0.0125 | U18: =M18/M$7 -> 0.0125
A19: Bank Charges | B19: 15000 | E19: =B19/B$7 -> 0.1 | F19: =B19/B$7 -> 0.1 | G19: =B19/B$7 -> 0.1 | H19: =B19/B$7 -> 0.1 | I19: =B19/B$7 -> 0.1 | J19: =B19/B$7 -> 0.1 | L19: Bank Charges | M19: 15000 | P19: =M19/M$7 -> 0.15 | Q19: =M19/M$7 -> 0.15 | R19: =M19/M$7 -> 0.15 | S19: =M19/M$7 -> 0.15 | T19: =M19/M$7 -> 0.15 | U19: =M19/M$7 -> 0.15
A20: Brokerages | B20: 10000 | E20: =B20/B$7 -> 0.066666667 | F20: =B20/B$7 -> 0.066666667 | G20: =B20/B$7 -> 0.066666667 | H20: =B20/B$7 -> 0.066666667 | I20: =B20/B$7 -> 0.066666667 | J20: =B20/B$7 -> 0.066666667 | L20: Brokerages | M20: 10000 | P20: =M20/M$7 -> 0.1 | Q20: =M20/M$7 -> 0.1 | R20: =M20/M$7 -> 0.1 | S20: =M20/M$7 -> 0.1 | T20: =M20/M$7 -> 0.1 | U20: =M20/M$7 -> 0.1
A21: TOTAL COST | B21: =SUM(B6:B20) -> 6211925 | E21: =SUM(E6:E20) -> 40.317021 | F21: =SUM(F6:F20) -> 40.994711 | G21: =SUM(G6:G20) -> 40.315521 | H21: =SUM(H6:H20) -> 40.993211 | I21: =SUM(I6:I20) -> 40.278804 | J21: =SUM(J6:J20) -> 40.949151 | L21: TOTAL COST | M21: =SUM(M6:M20) -> 5273012.5 | P21: =SUM(P6:P20) -> 51.043688 | Q21: =SUM(Q6:Q20) -> 51.721377 | R21: =SUM(R6:R20) -> 51.042188 | S21: =SUM(S6:S20) -> 51.719877 | T21: =SUM(T6:T20) -> 51.005471 | U21: =SUM(U6:U20) -> 51.675817
A22: ROLL | E22: ='ROLLS HS'!L24 -> 10 | F22: ='ROLLS LS'!K24 -> 28.6625 | G22: ='ROLLS HS'!L27 -> 10.071429 | H22: ='ROLLS LS'!K27 -> 29.1625 | I22: ='ROLLS HS'!L30 -> 10.25 | J22: ='ROLLS LS'!K30 -> 30.4125 | L22: ROLL | P22: =E22 -> 10 | Q22: =F22 -> 28.6625 | R22: =G22 -> 10.071429 | S22: =H22 -> 29.1625 | T22: =I22 -> 10.25 | U22: =J22 -> 30.4125
A23: ROLL - COST | E23: =E22-E21 -> -30.317021 | F23: =F22-F21 -> -12.332211 | G23: =G22-G21 -> -30.244092 | H23: =H22-H21 -> -11.830711 | I23: =I22-I21 -> -30.028804 | J23: =J22-J21 -> -10.536651 | L23: ROLL - COST | P23: =P22-P21 -> -41.043688 | Q23: =Q22-Q21 -> -23.058877 | R23: =R22-R21 -> -40.970759 | S23: =S22-S21 -> -22.557377 | T23: =T22-T21 -> -40.755471 | U23: =U22-U21 -> -21.263317
A24: Arrival Date | E24: ='Loading Arrival'!B17 -> 45930 | F24: ='Loading Arrival'!B17 -> 45930 | G24: ='Loading Arrival'!C17 -> 45944 | H24: ='Loading Arrival'!C17 -> 45944 | I24: ='Loading Arrival'!D17 -> 45958 | J24: ='Loading Arrival'!D17 -> 45958 | L24: Arrival Date | P24: =E24 -> 45930 | Q24: =F24 -> 45930 | R24: =G24 -> 45944 | S24: =H24 -> 45944 | T24: =I24 -> 45958 | U24: =J24 -> 45958
A25: Arrival | E25: ='Loading Arrival'!K9 -> 0 | G25: ='Loading Arrival'!L9 -> 0 | I25: ='Loading Arrival'!N9 -> 0 | L25: Arrival | P25: ='Loading Arrival'!V9 -> 0 | R25: ='Loading Arrival'!W9 -> 0 | T25: ='Loading Arrival'!Y9 -> 0

Sheet MED TO AG
E3: FIX+BL | G3: FIX+BL +14 | I3: FIX+BL +28 | P3: FIX+BL | R3: FIX+BL +14 | T3: FIX+BL +28
A4: MED-AG SUEZ | E4: ='Loading Arrival'!B11 -> 45903 | G4: ='Loading Arrival'!C11 -> 45917 | I4: ='Loading Arrival'!D11 -> 45931 | L4: ROTT-AG AFRA | P4: =E4 -> 45903 | R4: =G4 -> 45917 | T4: =I4 -> 45931
E5: HS | F5: LS | G5: HS | H5: LS | I5: HS | J5: LS | P5: HS | Q5: LS | R5: HS | S5: LS | T5: HS | U5: LS
A6: Freight | B6: =VLOOKUP(A4,Freight!$A$2:$F$11,2,0) -> 4600000 | E6: =B6/B$7 -> 31.724138 | F6: =B6/B$7 -> 31.724138 | G6: =B6/B$7 -> 31.724138 | H6: =B6/B$7 -> 31.724138 | I6: =B6/B$7 -> 31.724138 | J6: =B6/B$7 -> 31.724138 | L6: Freight | M6: =VLOOKUP(L4,Freight!$A$2:$F$11,2,0) -> 4200000 | P6: =M6/M$7 -> 42 | Q6: =M6/M$7 -> 42 | R6: =M6/M$7 -> 42 | S6: =M6/M$7 -> 42 | T6: =M6/M$7 -> 42 | U6: =M6/M$7 -> 42
A7: Volume | B7: 145000 | C7: Rate | D7: Days | L7: Volume | M7: 100000 | N7: Rate | O7: Days
A8: Demurrage | B8: =C8*D8 -> 399000 | C8: =VLOOKUP(A$4,Freight!$A$2:$F$11,5,0) -> 57000 | D8: 7 | E8: =B$8/B$7 -> 2.7517241 | F8: =B$8/B$7 -> 2.7517241 | G8: =B8/B$7 -> 2.7517241 | H8: =B8/B$7 -> 2.7517241 | I8: =B8/B$7 -> 2.7517241 | J8: =B8/B$7 -> 2.7517241 | L8: Demurrage | M8: =N8*O8 -> 425000 | N8: =VLOOKUP(L$4,Freight!$A$2:$F$11,5,0) -> 42500 | O8: 10 | P8: =M$8/M$7 -> 4.25 | Q8: =M$8/M$7 -> 4.25 | R8: =M8/M$7 -> 4.25 | S8: =M8/M$7 -> 4.25 | T8: =M8/M$7 -> 4.25 | U8: =M8/M$7 -> 4.25
A9: Insurance | B9: 15000 | E9: =B9/B$7 -> 0.10344828 | F9: =B9/B$7 -> 0.10344828 | G9: =B9/B$7 -> 0.10344828 | H9: =B9/B$7 -> 0.10344828 | I9: =B9/B$7 -> 0.10344828 | J9: =B9/B$7 -> 0.10344828 | L9: Insurance | M9: 8500 | P9: =M9/M$7 -> 0.085 | Q9: =M9/M$7 -> 0.085 | R9: =M9/M$7 -> 0.085 | S9: =M9/M$7 -> 0.085 | T9: =M9/M$7 -> 0.085 | U9: =M9/M$7 -> 0.085
A10: Loading PC | B10: 25000 | E10: =B10/B$7 -> 0.17241379 | F10: =B10/B$7 -> 0.17241379 | G10: =B10/B$7 -> 0.17241379 | H10: =B10/B$7 -> 0.17241379 | I10: =B10/B$7 -> 0.17241379 | J10: =B10/B$7 -> 0.17241379 | L10: Loading PC | M10: 25000 | P10: =M10/M$7 -> 0.25 | Q10: =M10/M$7 -> 0.25 | R10: =M10/M$7 -> 0.25 | S10: =M10/M$7 -> 0.25 | T10: =M10/M$7 -> 0.25 | U10: =M10/M$7 -> 0.25
A11: Discharge PC | B11: 25000 | C11: Rate | D11: Days | E11: =B11/B$7 -> 0.17241379 | F11: =B11/B$7 -> 0.17241379 | G11: =B11/B$7 -> 0.17241379 | H11: =B11/B$7 -> 0.17241379 | I11: =B11/B$7 -> 0.17241379 | J11: =B11/B$7 -> 0.17241379 | L11: Discharge PC | M11: 25000 | N11: Rate | O11: Days | P11: =M11/M$7 -> 0.25 | Q11: =M11/M$7 -> 0.25 | R11: =M11/M$7 -> 0.25 | S11: =M11/M$7 -> 0.25 | T11: =M11/M$7 -> 0.25 | U11: =M11/M$7 -> 0.25
A12: Finance | B12: =(D12*((C12)/365)*VLOOKUP(EOMONTH(E4,-1)+1,Tullet!$A$4:$S$27,2,0))*B7 -> 502425 | C12: 0.055 | D12: 60 | E12: =(D12*((C12)/365)*VLOOKUP(EOMONTH(E4,-1)+1,Tullet!$A$4:$S$27,2,0)) -> 3.465 | F12: =(D12*((C12)/365)*VLOOKUP(EOMONTH(E4,-1)+1,Tullet!$N$4:$S$27,3,0)) -> 4.0907787 | G12: =(D$12*((C$12)/365)*VLOOKUP(EOMONTH(G4,-1)+1,Tullet!$A$4:$S$27,2,0)) -> 3.465 | H12: =(D$12*((C$12)/365)*VLOOKUP(EOMONTH(G4,-1)+1,Tullet!$N$4:$S$27,3,0)) -> 4.0907787 | I12: =(D$12*((C$12)/365)*VLOOKUP(EOMONTH(I4,-1)+1,Tullet!$A$4:$S$27,2,0)) -> 3.4310959 | J12: =(D$12*((C$12)/365)*VLOOKUP(EOMONTH(I4,-1)+1,Tullet!$N$4:$S$27,3,0)) -> 4.0500938 | L12: Finance | M12: =(O12*((N12)/365)*VLOOKUP(EOMONTH(P4,-1)+1,Tullet!$A$4:$S$27,2,0))*M7 -> 346500 | N12: 0.055 | O12: 60 | P12: =(O12*((N12)/365)*VLOOKUP(EOMONTH(P4,-1)+1,Tullet!$A$4:$S$27,2,0)) -> 3.465 | Q12: =(O12*((N12)/365)*VLOOKUP(EOMONTH(P4,-1)+1,Tullet!$N$4:$S$27,3,0)) -> 4.0907787 | R12: =(O$12*((N$12)/365)*VLOOKUP(EOMONTH(R4,-1)+1,Tullet!$A$4:$S$27,2,0)) -> 3.465 | S12: =(O$12*((N$12)/365)*VLOOKUP(EOMONTH(R4,-1)+1,Tullet!$N$4:$S$27,3,0)) -> 4.0907787 | T12: =(O$12*((N$12)/365)*VLOOKUP(EOMONTH(T4,-1)+1,Tullet!$A$4:$S$27,2,0)) -> 3.4310959 | U12: =(O$12*((N$12)/365)*VLOOKUP(EOMONTH(T4,-1)+1,Tullet!$N$4:$S$27,3,0)) -> 4.0500938
A13: Heat | L13: Heat
A14: LC charges | B14: =B7*VLOOKUP(EOMONTH(E4,-1)+1,Tullet!$A$4:$S$27,2,0)*0.1% -> 55571.25 | C14: Rate | D14: Quote | E14: =VLOOKUP(EOMONTH(E4,-1)+1,Tullet!$A$4:$S$27,2,0)*0.00075 -> 0.2874375 | F14: =VLOOKUP(EOMONTH(E4,-1)+1,Tullet!$N$3:$S$27,3,0)*0.00075 -> 0.33934869 | G14: =VLOOKUP(EOMONTH(G4,-1)+1,Tullet!$A$4:$S$27,2,0)*0.00075 -> 0.2874375 | H14: =VLOOKUP(EOMONTH(G4,-1)+1,Tullet!$N$3:$S$27,3,0)*0.00075 -> 0.33934869 | I14: =VLOOKUP(EOMONTH(I4,-1)+1,Tullet!$A$4:$S$27,2,0)*0.00075 -> 0.284625 | J14: =VLOOKUP(EOMONTH(I4,-1)+1,Tullet!$N$3:$S$27,3,0)*0.00075 -> 0.33597369 | L14: LC charges | M14: =M7*VLOOKUP(EOMONTH(P4,-1)+1,Tullet!$A$4:$S$27,2,0)*0.1% -> 38325 | N14: Rate | O14: Quote | P14: =VLOOKUP(EOMONTH(P4,-1)+1,Tullet!$A$4:$S$27,2,0)*0.00075 -> 0.2874375 | Q14: =VLOOKUP(EOMONTH(P4,-1)+1,Tullet!$N$3:$S$27,3,0)*0.00075 -> 0.33934869 | R14: =VLOOKUP(EOMONTH(R4,-1)+1,Tullet!$A$4:$S$27,2,0)*0.00075 -> 0.2874375 | S14: =VLOOKUP(EOMONTH(R4,-1)+1,Tullet!$N$3:$S$27,3,0)*0.00075 -> 0.33934869 | T14: =VLOOKUP(EOMONTH(T4,-1)+1,Tullet!$A$4:$S$27,2,0)*0.00075 -> 0.284625 | U14: =VLOOKUP(EOMONTH(T4,-1)+1,Tullet!$N$3:$S$27,3,0)*0.00075 -> 0.33597369
A15: Outturn loss | B15: =C15*$B$7*VLOOKUP(EOMONTH(E24,-1)+1,Tullet!$E$35:$I$63,4,0) -> 19966935 | C15: 0.003 | D15: Sing 380 | E15: =C$15*VLOOKUP(EOMONTH(E24,-1)+1,Tullet!$E$35:$I$63,4,0) -> 137.703 | F15: =C$15*VLOOKUP(EOMONTH(F24,-1)+1,Tullet!$N$35:$S$63,3,0) -> 1.293 | G15: =C$15*VLOOKUP(EOMONTH(G24,-1)+1,Tullet!$E$35:$I$63,4,0) -> 137.793 | H15: =C$15*VLOOKUP(EOMONTH(H24,-1)+1,Tullet!$N$35:$S$63,3,0) -> 1.27575 | I15: =C$15*VLOOKUP(EOMONTH(I24,-1)+1,Tullet!$E$35:$I$63,4,0) -> 137.793 | J15: =C$15*VLOOKUP(EOMONTH(J24,-1)+1,Tullet!$N$35:$S$63,3,0) -> 1.27575 | L15: Outturn loss | M15: =N15*$B$7*VLOOKUP(EOMONTH(P24,-1)+1,Tullet!$E$35:$I$63,4,0) -> 19966935 | N15: 0.003 | O15: Sing 380 | P15: =N$15*VLOOKUP(EOMONTH(P24,-1)+1,Tullet!$E$35:$I$63,4,0) -> 137.703 | Q15: =N$15*VLOOKUP(EOMONTH(Q24,-1)+1,Tullet!$N$35:$S$63,3,0) -> 1.293 | R15: =N$15*VLOOKUP(EOMONTH(R24,-1)+1,Tullet!$E$35:$I$63,4,0) -> 137.793 | S15: =N$15*VLOOKUP(EOMONTH(S24,-1)+1,Tullet!$N$35:$S$63,3,0) -> 1.27575 | T15: =N$15*VLOOKUP(EOMONTH(T24,-1)+1,Tullet!$E$35:$I$63,4,0) -> 137.793 | U15: =N$15*VLOOKUP(EOMONTH(U24,-1)+1,Tullet!$N$35:$S$63,3,0) -> 1.27575
A16: Inspection | B16: 12500 | E16: =B16/B$7 -> 0.086206897 | F16: =B16/B$7 -> 0.086206897 | G16: =B16/B$7 -> 0.086206897 | H16: =B16/B$7 -> 0.086206897 | I16: =B16/B$7 -> 0.086206897 | J16: =B16/B$7 -> 0.086206897 | L16: Inspection | M16: 12500 | P16: =M16/M$7 -> 0.125 | Q16: =M16/M$7 -> 0.125 | R16: =M16/M$7 -> 0.125 | S16: =M16/M$7 -> 0.125 | T16: =M16/M$7 -> 0.125 | U16: =M16/M$7 -> 0.125
A17: Overage Insurance | B17: 1250 | E17: =B17/B$7 -> 0.0086206897 | F17: =B17/B$7 -> 0.0086206897 | G17: =B17/B$7 -> 0.0086206897 | H17: =B17/B$7 -> 0.0086206897 | I17: =B17/B$7 -> 0.0086206897 | J17: =B17/B$7 -> 0.0086206897 | L17: Overage Insurance | M17: 1250 | P17: =M17/M$7 -> 0.0125 | Q17: =M17/M$7 -> 0.0125 | R17: =M17/M$7 -> 0.0125 | S17: =M17/M$7 -> 0.0125 | T17: =M17/M$7 -> 0.0125 | U17: =M17/M$7 -> 0.0125
A18: CLL | B18: 1250 | E18: =B18/B$7 -> 0.0086206897 | F18: =B18/B$7 -> 0.0086206897 | G18: =B18/B$7 -> 0.0086206897 | H18: =B18/B$7 -> 0.0086206897 | I18: =B18/B$7 -> 0.0086206897 | J18: =B18/B$7 -> 0.0086206897 | L18: CLL | M18: 1250 | P18: =M18/M$7 -> 0.0125 | Q18: =M18/M$7 -> 0.0125 | R18: =M18/M$7 -> 0.0125 | S18: =M18/M$7 -> 0.0125 | T18: =M18/M$7 -> 0.0125 | U18: =M18/M$7 -> 0.0125
A19: Bank Charges | B19: 15000 | E19: =B19/B$7 -> 0.10344828 | F19: =B19/B$7 -> 0.10344828 | G19: =B19/B$7 -> 0.10344828 | H19: =B19/B$7 -> 0.10344828 | I19: =B19/B$7 -> 0.10344828 | J19: =B19/B$7 -> 0.10344828 | L19: Bank Charges | M19: 15000 | P19: =M19/M$7 -> 0.15 | Q19: =M19/M$7 -> 0.15 | R19: =M19/M$7 -> 0.15 | S19: =M19/M$7 -> 0.15 | T19: =M19/M$7 -> 0.15 | U19: =M19/M$7 -> 0.15
A20: Brokerages | B20: 10000 | E20: =B20/B$7 -> 0.068965517 | F20: =B20/B$7 -> 0.068965517 | G20: =B20/B$7 -> 0.068965517 | H20: =B20/B$7 -> 0.068965517 | I20: =B20/B$7 -> 0.068965517 | J20: =B20/B$7 -> 0.068965517 | L20: Brokerages | M20: 10000 | P20: =M20/M$7 -> 0.1 | Q20: =M20/M$7 -> 0.1 | R20: =M20/M$7 -> 0.1 | S20: =M20/M$7 -> 0.1 | T20: =M20/M$7 -> 0.1 | U20: =M20/M$7 -> 0.1
A21: TOTAL COST | B21: =SUM(B6:B20) -> 25773931 | E21: =SUM(E6:E20) -> 176.65544 | F21: =SUM(F6:F20) -> 40.923127 | G21: =SUM(G6:G20) -> 176.74544 | H21: =SUM(H6:H20) -> 40.905877 | I21: =SUM(I6:I20) -> 176.70872 | J21: =SUM(J6:J20) -> 40.861817 | L21: TOTAL COST | M21: =SUM(M6:M20) -> 25175260 | P21: =SUM(P6:P20) -> 188.69044 | Q21: =SUM(Q6:Q20) -> 52.958127 | R21: =SUM(R6:R20) -> 188.78044 | S21: =SUM(S6:S20) -> 52.940877 | T21: =SUM(T6:T20) -> 188.74372 | U21: =SUM(U6:U20) -> 52.896817
A22: ROLL | E22: ='ROLLS HS'!L24 -> 10 | F22: ='ROLLS LS'!K24 -> 28.6625 | G22: ='ROLLS HS'!L27 -> 10.071429 | H22: ='ROLLS LS'!K27 -> 29.1625 | I22: ='ROLLS HS'!L30 -> 10.25 | J22: ='ROLLS LS'!K30 -> 30.4125 | L22: ROLL | P22: =E22 -> 10 | Q22: =F22 -> 28.6625 | R22: =G22 -> 10.071429 | S22: =H22 -> 29.1625 | T22: =I22 -> 10.25 | U22: =J22 -> 30.4125
A23: ROLL - COST | E23: =E22-E21 -> -166.65544 | F23: =F22-F21 -> -12.260627 | G23: =G22-G21 -> -166.67401 | H23: =H22-H21 -> -11.743377 | I23: =I22-I21 -> -166.45872 | J23: =J22-J21 -> -10.449317 | L23: ROLL - COST | P23: =P22-P21 -> -178.69044 | Q23: =Q22-Q21 -> -24.295627 | R23: =R22-R21 -> -178.70901 | S23: =S22-S21 -> -23.778377 | T23: =T22-T21 -> -178.49372 | U23: =U22-U21 -> -22.484317
A24: Arrival Date | E24: ='Loading Arrival'!B17 -> 45930 | F24: ='Loading Arrival'!B17 -> 45930 | G24: ='Loading Arrival'!C17 -> 45944 | H24: ='Loading Arrival'!C17 -> 45944 | I24: ='Loading Arrival'!D17 -> 45958 | J24: ='Loading Arrival'!D17 -> 45958 | L24: Arrival Date | P24: =E24 -> 45930 | Q24: =F24 -> 45930 | R24: =G24 -> 45944 | S24: =H24 -> 45944 | T24: =I24 -> 45958 | U24: =J24 -> 45958
A25: Arrival | E25: ='Loading Arrival'!K9 -> 0 | G25: ='Loading Arrival'!L9 -> 0 | I25: ='Loading Arrival'!N9 -> 0 | L25: Arrival | P25: ='Loading Arrival'!V9 -> 0 | R25: ='Loading Arrival'!W9 -> 0 | T25: ='Loading Arrival'!Y9 -> 0

Sheet ROLLS HS
B1: Barges | C1: 380 | D1: Arb + spread HS Sing vs Rott | E1: HS GC | F1: Arb + spread HS USGC vs Rott
A2: ='Loading Arrival'!B11 -> 45903 | B2: =VLOOKUP(EOMONTH(A2,-1)+1,Tullet!$A$4:$D$23,2,0) -> 383.25 | C2: =VLOOKUP(EOMONTH(A2,0)+1,Tullet!$E$60:$I$79,4,0) -> 393.25 | D2: =C2-B2 -> 10 | E2: =VLOOKUP(DATE(YEAR(A2), MONTH(A2), 1), 'Tullet US'!$A$24:$C$32, 3, FALSE)*6.35 -> 366.7125 | F2: =E2-B2 -> -16.5375 | I2: Rott to Sing | J2: VLCC | K2: First Load | L2: ='Loading Arrival'!B3 -> 45910
A3: =WORKDAY(A2,1) -> 45904 | B3: =VLOOKUP(EOMONTH(A3,-1)+1,Tullet!$A$4:$D$23,2,0) -> 383.25 | C3: =VLOOKUP(EOMONTH(A3,0)+1,Tullet!$E$60:$I$79,4,0) -> 393.25 | D3: =C3-B3 -> 10 | E3: =VLOOKUP(DATE(YEAR(A3), MONTH(A3), 1), 'Tullet US'!$A$24:$C$32, 3, FALSE)*6.35 -> 366.7125 | F3: =E3-B3 -> -16.5375 | K3: Arrival date | L3: ='Loading Arrival'!B9 -> 45955
A4: =WORKDAY(A3,1) -> 45905 | B4: =VLOOKUP(EOMONTH(A4,-1)+1,Tullet!$A$4:$D$23,2,0) -> 383.25 | C4: =VLOOKUP(EOMONTH(A4,0)+1,Tullet!$E$60:$I$79,4,0) -> 393.25 | D4: =C4-B4 -> 10 | E4: =VLOOKUP(DATE(YEAR(A4), MONTH(A4), 1), 'Tullet US'!$A$24:$C$32, 3, FALSE)*6.35 -> 366.7125 | F4: =E4-B4 -> -16.5375 | K4: Average | L4: =SUMPRODUCT(--($A$2:$A$66>=L2),--($A$2:$A$66<=L3),$D$2:$D$66)/SUMPRODUCT(--($A$2:$A$66>=L2),--($A$2:$A$66<=L3)) -> 10.136364
A5: =WORKDAY(A4,1) -> 45908 | B5: =VLOOKUP(EOMONTH(A5,-1)+1,Tullet!$A$4:$D$23,2,0) -> 383.25 | C5: =VLOOKUP(EOMONTH(A5,0)+1,Tullet!$E$60:$I$79,4,0) -> 393.25 | D5: =C5-B5 -> 10 | E5: =VLOOKUP(DATE(YEAR(A5), MONTH(A5), 1), 'Tullet US'!$A$24:$C$32, 3, FALSE)*6.35 -> 366.7125 | F5: =E5-B5 -> -16.5375 | K5: Second Load | L5: ='Loading Arrival'!C3 -> 45924
A6: =WORKDAY(A5,1) -> 45909 | B6: =VLOOKUP(EOMONTH(A6,-1)+1,Tullet!$A$4:$D$23,2,0) -> 383.25 | C6: =VLOOKUP(EOMONTH(A6,0)+1,Tullet!$E$60:$I$79,4,0) -> 393.25 | D6: =C6-B6 -> 10 | E6: =VLOOKUP(DATE(YEAR(A6), MONTH(A6), 1), 'Tullet US'!$A$24:$C$32, 3, FALSE)*6.35 -> 366.7125 | F6: =E6-B6 -> -16.5375 | K6: Arrival date | L6: ='Loading Arrival'!C9 -> 45969
A7: =WORKDAY(A6,1) -> 45910 | B7: =VLOOKUP(EOMONTH(A7,-1)+1,Tullet!$A$4:$D$23,2,0) -> 383.25 | C7: =VLOOKUP(EOMONTH(A7,0)+1,Tullet!$E$60:$I$79,4,0) -> 393.25 | D7: =C7-B7 -> 10 | E7: =VLOOKUP(DATE(YEAR(A7), MONTH(A7), 1), 'Tullet US'!$A$24:$C$32, 3, FALSE)*6.35 -> 366.7125 | F7: =E7-B7 -> -16.5375 | K7: Average | L7: =SUMPRODUCT(--($A$2:$A$66>=L5),--($A$2:$A$66<=L6),$D$2:$D$66)/SUMPRODUCT(--($A$2:$A$66>=L5),--($A$2:$A$66<=L6)) -> 10.401515
A8: =WORKDAY(A7,1) -> 45911 | B8: =VLOOKUP(EOMONTH(A8,-1)+1,Tullet!$A$4:$D$23,2,0) -> 383.25 | C8: =VLOOKUP(EOMONTH(A8,0)+1,Tullet!$E$60:$I$79,4,0) -> 393.25 | D8: =C8-B8 -> 10 | E8: =VLOOKUP(DATE(YEAR(A8), MONTH(A8), 1), 'Tullet US'!$A$24:$C$32, 3, FALSE)*6.35 -> 366.7125 | F8: =E8-B8 -> -16.5375 | K8: Third Load | L8: ='Loading Arrival'!D3 -> 45938
A9: =WORKDAY(A8,1) -> 45912 | B9: =VLOOKUP(EOMONTH(A9,-1)+1,Tullet!$A$4:$D$23,2,0) -> 383.25 | C9: =VLOOKUP(EOMONTH(A9,0)+1,Tullet!$E$60:$I$79,4,0) -> 393.25 | D9: =C9-B9 -> 10 | E9: =VLOOKUP(DATE(YEAR(A9), MONTH(A9), 1), 'Tullet US'!$A$24:$C$32, 3, FALSE)*6.35 -> 366.7125 | F9: =E9-B9 -> -16.5375 | K9: Arrival date | L9: ='Loading Arrival'!D9 -> 45983
A10: =WORKDAY(A9,1) -> 45915 | B10: =VLOOKUP(EOMONTH(A10,-1)+1,Tullet!$A$4:$D$23,2,0) -> 383.25 | C10: =VLOOKUP(EOMONTH(A10,0)+1,Tullet!$E$60:$I$79,4,0) -> 393.25 | D10: =C10-B10 -> 10 | E10: =VLOOKUP(DATE(YEAR(A10), MONTH(A10), 1), 'Tullet US'!$A$24:$C$32, 3, FALSE)*6.35 -> 366.7125 | F10: =E10-B10 -> -16.5375 | K10: Average | L10: =SUMPRODUCT(--($A$2:$A$66>=L8),--($A$2:$A$66<=L9),$D$2:$D$66)/SUMPRODUCT(--($A$2:$A$66>=L8),--($A$2:$A$66<=L9)) -> 10.818182
A11: =WORKDAY(A10,1) -> 45916 | B11: =VLOOKUP(EOMONTH(A11,-1)+1,Tullet!$A$4:$D$23,2,0) -> 383.25 | C11: =VLOOKUP(EOMONTH(A11,0)+1,Tullet!$E$60:$I$79,4,0) -> 393.25 | D11: =C11-B11 -> 10 | E11: =VLOOKUP(DATE(YEAR(A11), MONTH(A11), 1), 'Tullet US'!$A$24:$C$32, 3, FALSE)*6.35 -> 366.7125 | F11: =E11-B11 -> -16.5375
A12: =WORKDAY(A11,1) -> 45917 | B12: =VLOOKUP(EOMONTH(A12,-1)+1,Tullet!$A$4:$D$23,2,0) -> 383.25 | C12: =VLOOKUP(EOMONTH(A12,0)+1,Tullet!$E$60:$I$79,4,0) -> 393.25 | D12: =C12-B12 -> 10 | E12: =VLOOKUP(DATE(YEAR(A12), MONTH(A12), 1), 'Tullet US'!$A$24:$C$32, 3, FALSE)*6.35 -> 366.7125 | F12: =E12-B12 -> -16.5375 | J12: AFRA/SUEZ | K12: First Load | L12: ='Loading Arrival'!B11 -> 45903
A13: =WORKDAY(A12,1) -> 45918 | B13: =VLOOKUP(EOMONTH(A13,-1)+1,Tullet!$A$4:$D$23,2,0) -> 383.25 | C13: =VLOOKUP(EOMONTH(A13,0)+1,Tullet!$E$60:$I$79,4,0) -> 393.25 | D13: =C13-B13 -> 10 | E13: =VLOOKUP(DATE(YEAR(A13), MONTH(A13), 1), 'Tullet US'!$A$24:$C$32, 3, FALSE)*6.35 -> 366.7125 | F13: =E13-B13 -> -16.5375 | K13: Arrival date | L13: ='Loading Arrival'!B17 -> 45930
A14: =WORKDAY(A13,1) -> 45919 | B14: =VLOOKUP(EOMONTH(A14,-1)+1,Tullet!$A$4:$D$23,2,0) -> 383.25 | C14: =VLOOKUP(EOMONTH(A14,0)+1,Tullet!$E$60:$I$79,4,0) -> 393.25 | D14: =C14-B14 -> 10 | E14: =VLOOKUP(DATE(YEAR(A14), MONTH(A14), 1), 'Tullet US'!$A$24:$C$32, 3, FALSE)*6.35 -> 366.7125 | F14: =E14-B14 -> -16.5375 | K14: Average | L14: =SUMPRODUCT(--($A$2:$A$66>=L12),--($A$2:$A$66<=L13),$D$2:$D$66)/SUMPRODUCT(--($A$2:$A$66>=L12),--($A$2:$A$66<=L13)) -> 10
A15: =WORKDAY(A14,1) -> 45922 | B15: =VLOOKUP(EOMONTH(A15,-1)+1,Tullet!$A$4:$D$23,2,0) -> 383.25 | C15: =VLOOKUP(EOMONTH(A15,0)+1,Tullet!$E$60:$I$79,4,0) -> 393.25 | D15: =C15-B15 -> 10 | E15: =VLOOKUP(DATE(YEAR(A15), MONTH(A15), 1), 'Tullet US'!$A$24:$C$32, 3, FALSE)*6.35 -> 366.7125 | F15: =E15-B15 -> -16.5375 | K15: Second Load | L15: ='Loading Arrival'!C11 -> 45917 | R15: Formula for USGC sheet HS flat price:
A16: =WORKDAY(A15,1) -> 45923 | B16: =VLOOKUP(EOMONTH(A16,-1)+1,Tullet!$A$4:$D$23,2,0) -> 383.25 | C16: =VLOOKUP(EOMONTH(A16,0)+1,Tullet!$E$60:$I$79,4,0) -> 393.25 | D16: =C16-B16 -> 10 | E16: =VLOOKUP(DATE(YEAR(A16), MONTH(A16), 1), 'Tullet US'!$A$24:$C$32, 3, FALSE)*6.35 -> 366.7125 | F16: =E16-B16 -> -16.5375 | K16: Arrival date | L16: ='Loading Arrival'!C17 -> 45944 | R16: =DATE(YEAR(S16), MONTH(S16), 1) -> 1
A17: =WORKDAY(A16,1) -> 45924 | B17: =VLOOKUP(EOMONTH(A17,-1)+1,Tullet!$A$4:$D$23,2,0) -> 383.25 | C17: =VLOOKUP(EOMONTH(A17,0)+1,Tullet!$E$60:$I$79,4,0) -> 393.25 | D17: =C17-B17 -> 10 | E17: =VLOOKUP(DATE(YEAR(A17), MONTH(A17), 1), 'Tullet US'!$A$24:$C$32, 3, FALSE)*6.35 -> 366.7125 | F17: =E17-B17 -> -16.5375 | K17: Average | L17: =SUMPRODUCT(--($A$2:$A$66>=L15),--($A$2:$A$66<=L16),$D$2:$D$66)/SUMPRODUCT(--($A$2:$A$66>=L15),--($A$2:$A$66<=L16)) -> 10.125 | R17: *6.35
A18: =WORKDAY(A17,1) -> 45925 | B18: =VLOOKUP(EOMONTH(A18,-1)+1,Tullet!$A$4:$D$23,2,0) -> 383.25 | C18: =VLOOKUP(EOMONTH(A18,0)+1,Tullet!$E$60:$I$79,4,0) -> 393.25 | D18: =C18-B18 -> 10 | E18: =VLOOKUP(DATE(YEAR(A18), MONTH(A18), 1), 'Tullet US'!$A$24:$C$32, 3, FALSE)*6.35 -> 366.7125 | F18: =E18-B18 -> -16.5375 | K18: Third Load | L18: ='Loading Arrival'!D11 -> 45931
A19: =WORKDAY(A18,1) -> 45926 | B19: =VLOOKUP(EOMONTH(A19,-1)+1,Tullet!$A$4:$D$23,2,0) -> 383.25 | C19: =VLOOKUP(EOMONTH(A19,0)+1,Tullet!$E$60:$I$79,4,0) -> 393.25 | D19: =C19-B19 -> 10 | E19: =VLOOKUP(DATE(YEAR(A19), MONTH(A19), 1), 'Tullet US'!$A$24:$C$32, 3, FALSE)*6.35 -> 366.7125 | F19: =E19-B19 -> -16.5375 | K19: Arrival date | L19: ='Loading Arrival'!D17 -> 45958
A20: =WORKDAY(A19,1) -> 45929 | B20: =VLOOKUP(EOMONTH(A20,-1)+1,Tullet!$A$4:$D$23,2,0) -> 383.25 | C20: =VLOOKUP(EOMONTH(A20,0)+1,Tullet!$E$60:$I$79,4,0) -> 393.25 | D20: =C20-B20 -> 10 | E20: =VLOOKUP(DATE(YEAR(A20), MONTH(A20), 1), 'Tullet US'!$A$24:$C$32, 3, FALSE)*6.35 -> 366.7125 | F20: =E20-B20 -> -16.5375 | K20: Average | L20: =SUMPRODUCT(--($A$2:$A$66>=L18),--($A$2:$A$66<=L19),$D$2:$D$66)/SUMPRODUCT(--($A$2:$A$66>=L18),--($A$2:$A$66<=L19)) -> 10.25
A21: =WORKDAY(A20,1) -> 45930 | B21: =VLOOKUP(EOMONTH(A21,-1)+1,Tullet!$A$4:$D$23,2,0) -> 383.25 | C21: =VLOOKUP(EOMONTH(A21,0)+1,Tullet!$E$60:$I$79,4,0) -> 393.25 | D21: =C21-B21 -> 10 | E21: =VLOOKUP(DATE(YEAR(A21), MONTH(A21), 1), 'Tullet US'!$A$24:$C$32, 3, FALSE)*6.35 -> 366.7125 | F21: =E21-B21 -> -16.5375
A22: =WORKDAY(A21,1) -> 45931 | B22: =VLOOKUP(EOMONTH(A22,-1)+1,Tullet!$A$4:$D$23,2,0) -> 379.5 | C22: =VLOOKUP(EOMONTH(A22,0)+1,Tullet!$E$60:$I$79,4,0) -> 389.75 | D22: =C22-B22 -> 10.25 | E22: =VLOOKUP(DATE(YEAR(A22), MONTH(A22), 1), 'Tullet US'!$A$24:$C$32, 3, FALSE)*6.35 -> 359.7275 | F22: =E22-B22 -> -19.7725 | I22: MED TO SING | J22: AFRA/SUEZ | K22: First Load | L22: ='Loading Arrival'!B20 -> 45903
A23: =WORKDAY(A22,1) -> 45932 | B23: =VLOOKUP(EOMONTH(A23,-1)+1,Tullet!$A$4:$D$23,2,0) -> 379.5 | C23: =VLOOKUP(EOMONTH(A23,0)+1,Tullet!$E$60:$I$79,4,0) -> 389.75 | D23: =C23-B23 -> 10.25 | E23: =VLOOKUP(DATE(YEAR(A23), MONTH(A23), 1), 'Tullet US'!$A$24:$C$32, 3, FALSE)*6.35 -> 359.7275 | F23: =E23-B23 -> -19.7725 | K23: Arrival date | L23: ='Loading Arrival'!B26 -> 45922
A24: =WORKDAY(A23,1) -> 45933 | B24: =VLOOKUP(EOMONTH(A24,-1)+1,Tullet!$A$4:$D$23,2,0) -> 379.5 | C24: =VLOOKUP(EOMONTH(A24,0)+1,Tullet!$E$60:$I$79,4,0) -> 389.75 | D24: =C24-B24 -> 10.25 | E24: =VLOOKUP(DATE(YEAR(A24), MONTH(A24), 1), 'Tullet US'!$A$24:$C$32, 3, FALSE)*6.35 -> 359.7275 | F24: =E24-B24 -> -19.7725 | K24: Average | L24: =SUMPRODUCT(--($A$2:$A$66>=L22),--($A$2:$A$66<=L23),$D$2:$D$66)/SUMPRODUCT(--($A$2:$A$66>=L22),--($A$2:$A$66<=L23)) -> 10
A25: =WORKDAY(A24,1) -> 45936 | B25: =VLOOKUP(EOMONTH(A25,-1)+1,Tullet!$A$4:$D$23,2,0) -> 379.5 | C25: =VLOOKUP(EOMONTH(A25,0)+1,Tullet!$E$60:$I$79,4,0) -> 389.75 | D25: =C25-B25 -> 10.25 | E25: =VLOOKUP(DATE(YEAR(A25), MONTH(A25), 1), 'Tullet US'!$A$24:$C$32, 3, FALSE)*6.35 -> 359.7275 | F25: =E25-B25 -> -19.7725 | K25: Second Load | L25: ='Loading Arrival'!C20 -> 45917
A26: =WORKDAY(A25,1) -> 45937 | B26: =VLOOKUP(EOMONTH(A26,-1)+1,Tullet!$A$4:$D$23,2,0) -> 379.5 | C26: =VLOOKUP(EOMONTH(A26,0)+1,Tullet!$E$60:$I$79,4,0) -> 389.75 | D26: =C26-B26 -> 10.25 | E26: =VLOOKUP(DATE(YEAR(A26), MONTH(A26), 1), 'Tullet US'!$A$24:$C$32, 3, FALSE)*6.35 -> 359.7275 | F26: =E26-B26 -> -19.7725 | K26: Arrival date | L26: ='Loading Arrival'!C26 -> 45936
A27: =WORKDAY(A26,1) -> 45938 | B27: =VLOOKUP(EOMONTH(A27,-1)+1,Tullet!$A$4:$D$23,2,0) -> 379.5 | C27: =VLOOKUP(EOMONTH(A27,0)+1,Tullet!$E$60:$I$79,4,0) -> 389.75 | D27: =C27-B27 -> 10.25 | E27: =VLOOKUP(DATE(YEAR(A27), MONTH(A27), 1), 'Tullet US'!$A$24:$C$32, 3, FALSE)*6.35 -> 359.7275 | F27: =E27-B27 -> -19.7725 | K27: Average | L27: =SUMPRODUCT(--($A$2:$A$66>=L25),--($A$2:$A$66<=L26),$D$2:$D$66)/SUMPRODUCT(--($A$2:$A$66>=L25),--($A$2:$A$66<=L26)) -> 10.071429
A28: =WORKDAY(A27,1) -> 45939 | B28: =VLOOKUP(EOMONTH(A28,-1)+1,Tullet!$A$4:$D$23,2,0) -> 379.5 | C28: =VLOOKUP(EOMONTH(A28,0)+1,Tullet!$E$60:$I$79,4,0) -> 389.75 | D28: =C28-B28 -> 10.25 | E28: =VLOOKUP(DATE(YEAR(A28), MONTH(A28), 1), 'Tullet US'!$A$24:$C$32, 3, FALSE)*6.35 -> 359.7275 | F28: =E28-B28 -> -19.7725 | K28: Third Load | L28: ='Loading Arrival'!D20 -> 45931
A29: =WORKDAY(A28,1) -> 45940 | B29: =VLOOKUP(EOMONTH(A29,-1)+1,Tullet!$A$4:$D$23,2,0) -> 379.5 | C29: =VLOOKUP(EOMONTH(A29,0)+1,Tullet!$E$60:$I$79,4,0) -> 389.75 | D29: =C29-B29 -> 10.25 | E29: =VLOOKUP(DATE(YEAR(A29), MONTH(A29), 1), 'Tullet US'!$A$24:$C$32, 3, FALSE)*6.35 -> 359.7275 | F29: =E29-B29 -> -19.7725 | K29: Arrival date | L29: ='Loading Arrival'!D26 -> 45950
A30: =WORKDAY(A29,1) -> 45943 | B30: =VLOOKUP(EOMONTH(A30,-1)+1,Tullet!$A$4:$D$23,2,0) -> 379.5 | C30: =VLOOKUP(EOMONTH(A30,0)+1,Tullet!$E$60:$I$79,4,0) -> 389.75 | D30: =C30-B30 -> 10.25 | E30: =VLOOKUP(DATE(YEAR(A30), MONTH(A30), 1), 'Tullet US'!$A$24:$C$32, 3, FALSE)*6.35 -> 359.7275 | F30: =E30-B30 -> -19.7725 | K30: Average | L30: =SUMPRODUCT(--($A$2:$A$66>=L28),--($A$2:$A$66<=L29),$D$2:$D$66)/SUMPRODUCT(--($A$2:$A$66>=L28),--($A$2:$A$66<=L29)) -> 10.25
A31: =WORKDAY(A30,1) -> 45944 | B31: =VLOOKUP(EOMONTH(A31,-1)+1,Tullet!$A$4:$D$23,2,0) -> 379.5 | C31: =VLOOKUP(EOMONTH(A31,0)+1,Tullet!$E$60:$I$79,4,0) -> 389.75 | D31: =C31-B31 -> 10.25 | E31: =VLOOKUP(DATE(YEAR(A31), MONTH(A31), 1), 'Tullet US'!$A$24:$C$32, 3, FALSE)*6.35 -> 359.7275 | F31: =E31-B31 -> -19.7725
A32: =WORKDAY(A31,1) -> 45945 | B32: =VLOOKUP(EOMONTH(A32,-1)+1,Tullet!$A$4:$D$23,2,0) -> 379.5 | C32: =VLOOKUP(EOMONTH(A32,0)+1,Tullet!$E$60:$I$79,4,0) -> 389.75 | D32: =C32-B32 -> 10.25 | E32: =VLOOKUP(DATE(YEAR(A32), MONTH(A32), 1), 'Tullet US'!$A$24:$C$32, 3, FALSE)*6.35 -> 359.7275 | F32: =E32-B32 -> -19.7725 | I32: ROTT TO AG | J32: AFRA/SUEZ | K32: First Load | L32: ='Loading Arrival'!B29 -> 45903
A33: =WORKDAY(A32,1) -> 45946 | B33: =VLOOKUP(EOMONTH(A33,-1)+1,Tullet!$A$4:$D$23,2,0) -> 379.5 | C33: =VLOOKUP(EOMONTH(A33,0)+1,Tullet!$E$60:$I$79,4,0) -> 389.75 | D33: =C33-B33 -> 10.25 | E33: =VLOOKUP(DATE(YEAR(A33), MONTH(A33), 1), 'Tullet US'!$A$24:$C$32, 3, FALSE)*6.35 -> 359.7275 | F33: =E33-B33 -> -19.7725 | K33: Arrival date | L33: ='Loading Arrival'!B35 -> 45923
A34: =WORKDAY(A33,1) -> 45947 | B34: =VLOOKUP(EOMONTH(A34,-1)+1,Tullet!$A$4:$D$23,2,0) -> 379.5 | C34: =VLOOKUP(EOMONTH(A34,0)+1,Tullet!$E$60:$I$79,4,0) -> 389.75 | D34: =C34-B34 -> 10.25 | E34: =VLOOKUP(DATE(YEAR(A34), MONTH(A34), 1), 'Tullet US'!$A$24:$C$32, 3, FALSE)*6.35 -> 359.7275 | F34: =E34-B34 -> -19.7725 | K34: Average | L34: =SUMPRODUCT(--($A$2:$A$66>=L32),--($A$2:$A$66<=L33),$D$2:$D$66)/SUMPRODUCT(--($A$2:$A$66>=L32),--($A$2:$A$66<=L33)) -> 10
A35: =WORKDAY(A34,1) -> 45950 | B35: =VLOOKUP(EOMONTH(A35,-1)+1,Tullet!$A$4:$D$23,2,0) -> 379.5 | C35: =VLOOKUP(EOMONTH(A35,0)+1,Tullet!$E$60:$I$79,4,0) -> 389.75 | D35: =C35-B35 -> 10.25 | E35: =VLOOKUP(DATE(YEAR(A35), MONTH(A35), 1), 'Tullet US'!$A$24:$C$32, 3, FALSE)*6.35 -> 359.7275 | F35: =E35-B35 -> -19.7725 | K35: Second Load | L35: ='Loading Arrival'!C29 -> 45917
A36: =WORKDAY(A35,1) -> 45951 | B36: =VLOOKUP(EOMONTH(A36,-1)+1,Tullet!$A$4:$D$23,2,0) -> 379.5 | C36: =VLOOKUP(EOMONTH(A36,0)+1,Tullet!$E$60:$I$79,4,0) -> 389.75 | D36: =C36-B36 -> 10.25 | E36: =VLOOKUP(DATE(YEAR(A36), MONTH(A36), 1), 'Tullet US'!$A$24:$C$32, 3, FALSE)*6.35 -> 359.7275 | F36: =E36-B36 -> -19.7725 | K36: Arrival date | L36: ='Loading Arrival'!C35 -> 45937
A37: =WORKDAY(A36,1) -> 45952 | B37: =VLOOKUP(EOMONTH(A37,-1)+1,Tullet!$A$4:$D$23,2,0) -> 379.5 | C37: =VLOOKUP(EOMONTH(A37,0)+1,Tullet!$E$60:$I$79,4,0) -> 389.75 | D37: =C37-B37 -> 10.25 | E37: =VLOOKUP(DATE(YEAR(A37), MONTH(A37), 1), 'Tullet US'!$A$24:$C$32, 3, FALSE)*6.35 -> 359.7275 | F37: =E37-B37 -> -19.7725 | K37: Average | L37: =SUMPRODUCT(--($A$2:$A$66>=L35),--($A$2:$A$66<=L36),$D$2:$D$66)/SUMPRODUCT(--($A$2:$A$66>=L35),--($A$2:$A$66<=L36)) -> 10.083333
A38: =WORKDAY(A37,1) -> 45953 | B38: =VLOOKUP(EOMONTH(A38,-1)+1,Tullet!$A$4:$D$23,2,0) -> 379.5 | C38: =VLOOKUP(EOMONTH(A38,0)+1,Tullet!$E$60:$I$79,4,0) -> 389.75 | D38: =C38-B38 -> 10.25 | E38: =VLOOKUP(DATE(YEAR(A38), MONTH(A38), 1), 'Tullet US'!$A$24:$C$32, 3, FALSE)*6.35 -> 359.7275 | F38: =E38-B38 -> -19.7725 | K38: Third Load | L38: ='Loading Arrival'!D29 -> 45931
A39: =WORKDAY(A38,1) -> 45954 | B39: =VLOOKUP(EOMONTH(A39,-1)+1,Tullet!$A$4:$D$23,2,0) -> 379.5 | C39: =VLOOKUP(EOMONTH(A39,0)+1,Tullet!$E$60:$I$79,4,0) -> 389.75 | D39: =C39-B39 -> 10.25 | E39: =VLOOKUP(DATE(YEAR(A39), MONTH(A39), 1), 'Tullet US'!$A$24:$C$32, 3, FALSE)*6.35 -> 359.7275 | F39: =E39-B39 -> -19.7725 | K39: Arrival date | L39: ='Loading Arrival'!D35 -> 45951
A40: =WORKDAY(A39,1) -> 45957 | B40: =VLOOKUP(EOMONTH(A40,-1)+1,Tullet!$A$4:$D$23,2,0) -> 379.5 | C40: =VLOOKUP(EOMONTH(A40,0)+1,Tullet!$E$60:$I$79,4,0) -> 389.75 | D40: =C40-B40 -> 10.25 | E40: =VLOOKUP(DATE(YEAR(A40), MONTH(A40), 1), 'Tullet US'!$A$24:$C$32, 3, FALSE)*6.35 -> 359.7275 | F40: =E40-B40 -> -19.7725 | K40: Average | L40: =SUMPRODUCT(--($A$2:$A$66>=L38),--($A$2:$A$66<=L39),$D$2:$D$66)/SUMPRODUCT(--($A$2:$A$66>=L38),--($A$2:$A$66<=L39)) -> 10.25
A41: =WORKDAY(A40,1) -> 45958 | B41: =VLOOKUP(EOMONTH(A41,-1)+1,Tullet!$A$4:$D$23,2,0) -> 379.5 | C41: =VLOOKUP(EOMONTH(A41,0)+1,Tullet!$E$60:$I$79,4,0) -> 389.75 | D41: =C41-B41 -> 10.25 | E41: =VLOOKUP(DATE(YEAR(A41), MONTH(A41), 1), 'Tullet US'!$A$24:$C$32, 3, FALSE)*6.35 -> 359.7275 | F41: =E41-B41 -> -19.7725
A42: =WORKDAY(A41,1) -> 45959 | B42: =VLOOKUP(EOMONTH(A42,-1)+1,Tullet!$A$4:$D$23,2,0) -> 379.5 | C42: =VLOOKUP(EOMONTH(A42,0)+1,Tullet!$E$60:$I$79,4,0) -> 389.75 | D42: =C42-B42 -> 10.25 | E42: =VLOOKUP(DATE(YEAR(A42), MONTH(A42), 1), 'Tullet US'!$A$24:$C$32, 3, FALSE)*6.35 -> 359.7275 | F42: =E42-B42 -> -19.7725 | I42: MED TO AG | J42: AFRA/SUEZ | K42: First Load | L42: ='Loading Arrival'!B38 -> 45903
A43: =WORKDAY(A42,1) -> 45960 | B43: =VLOOKUP(EOMONTH(A43,-1)+1,Tullet!$A$4:$D$23,2,0) -> 379.5 | C43: =VLOOKUP(EOMONTH(A43,0)+1,Tullet!$E$60:$I$79,4,0) -> 389.75 | D43: =C43-B43 -> 10.25 | E43: =VLOOKUP(DATE(YEAR(A43), MONTH(A43), 1), 'Tullet US'!$A$24:$C$32, 3, FALSE)*6.35 -> 359.7275 | F43: =E43-B43 -> -19.7725 | K43: Arrival date | L43: ='Loading Arrival'!B44 -> 45915
A44: =WORKDAY(A43,1) -> 45961 | B44: =VLOOKUP(EOMONTH(A44,-1)+1,Tullet!$A$4:$D$23,2,0) -> 379.5 | C44: =VLOOKUP(EOMONTH(A44,0)+1,Tullet!$E$60:$I$79,4,0) -> 389.75 | D44: =C44-B44 -> 10.25 | E44: =VLOOKUP(DATE(YEAR(A44), MONTH(A44), 1), 'Tullet US'!$A$24:$C$32, 3, FALSE)*6.35 -> 359.7275 | F44: =E44-B44 -> -19.7725 | K44: Average | L44: =SUMPRODUCT(--($A$2:$A$66>=L42),--($A$2:$A$66<=L43),$D$2:$D$66)/SUMPRODUCT(--($A$2:$A$66>=L42),--($A$2:$A$66<=L43)) -> 10
A45: =WORKDAY(A44,1) -> 45964 | B45: =VLOOKUP(EOMONTH(A45,-1)+1,Tullet!$A$4:$D$23,2,0) -> 375.25 | C45: =VLOOKUP(EOMONTH(A45,0)+1,Tullet!$E$60:$I$79,4,0) -> 386.75 | D45: =C45-B45 -> 11.5 | E45: =VLOOKUP(DATE(YEAR(A45), MONTH(A45), 1), 'Tullet US'!$A$24:$C$32, 3, FALSE)*6.35 -> 355.6 | F45: =E45-B45 -> -19.65 | K45: Second Load | L45: ='Loading Arrival'!C38 -> 45917
A46: =WORKDAY(A45,1) -> 45965 | B46: =VLOOKUP(EOMONTH(A46,-1)+1,Tullet!$A$4:$D$23,2,0) -> 375.25 | C46: =VLOOKUP(EOMONTH(A46,0)+1,Tullet!$E$60:$I$79,4,0) -> 386.75 | D46: =C46-B46 -> 11.5 | E46: =VLOOKUP(DATE(YEAR(A46), MONTH(A46), 1), 'Tullet US'!$A$24:$C$32, 3, FALSE)*6.35 -> 355.6 | F46: =E46-B46 -> -19.65 | K46: Arrival date | L46: ='Loading Arrival'!C44 -> 45929
A47: =WORKDAY(A46,1) -> 45966 | B47: =VLOOKUP(EOMONTH(A47,-1)+1,Tullet!$A$4:$D$23,2,0) -> 375.25 | C47: =VLOOKUP(EOMONTH(A47,0)+1,Tullet!$E$60:$I$79,4,0) -> 386.75 | D47: =C47-B47 -> 11.5 | E47: =VLOOKUP(DATE(YEAR(A47), MONTH(A47), 1), 'Tullet US'!$A$24:$C$32, 3, FALSE)*6.35 -> 355.6 | F47: =E47-B47 -> -19.65 | K47: Average | L47: {=SUMPRODUCT(--($A$2:$A$66>=L45),--($A$2:$A$66<=L46),$D$2:$D$66)/SUMPRODUCT(--($A$2:$A$66>=L45),--($A$2:$A$66<=L46))} -> 10
A48: =WORKDAY(A47,1) -> 45967 | B48: =VLOOKUP(EOMONTH(A48,-1)+1,Tullet!$A$4:$D$23,2,0) -> 375.25 | C48: =VLOOKUP(EOMONTH(A48,0)+1,Tullet!$E$60:$I$79,4,0) -> 386.75 | D48: =C48-B48 -> 11.5 | E48: =VLOOKUP(DATE(YEAR(A48), MONTH(A48), 1), 'Tullet US'!$A$24:$C$32, 3, FALSE)*6.35 -> 355.6 | F48: =E48-B48 -> -19.65 | K48: Third Load | L48: ='Loading Arrival'!D38 -> 45931
A49: =WORKDAY(A48,1) -> 45968 | B49: =VLOOKUP(EOMONTH(A49,-1)+1,Tullet!$A$4:$D$23,2,0) -> 375.25 | C49: =VLOOKUP(EOMONTH(A49,0)+1,Tullet!$E$60:$I$79,4,0) -> 386.75 | D49: =C49-B49 -> 11.5 | E49: =VLOOKUP(DATE(YEAR(A49), MONTH(A49), 1), 'Tullet US'!$A$24:$C$32, 3, FALSE)*6.35 -> 355.6 | F49: =E49-B49 -> -19.65 | K49: Arrival date | L49: ='Loading Arrival'!D44 -> 45943
A50: =WORKDAY(A49,1) -> 45971 | B50: =VLOOKUP(EOMONTH(A50,-1)+1,Tullet!$A$4:$D$23,2,0) -> 375.25 | C50: =VLOOKUP(EOMONTH(A50,0)+1,Tullet!$E$60:$I$79,4,0) -> 386.75 | D50: =C50-B50 -> 11.5 | E50: =VLOOKUP(DATE(YEAR(A50), MONTH(A50), 1), 'Tullet US'!$A$24:$C$32, 3, FALSE)*6.35 -> 355.6 | F50: =E50-B50 -> -19.65 | K50: Average | L50: =SUMPRODUCT(--($A$2:$A$66>=L48),--($A$2:$A$66<=L49),$D$2:$D$66)/SUMPRODUCT(--($A$2:$A$66>=L48),--($A$2:$A$66<=L49)) -> 10.25
A51: =WORKDAY(A50,1) -> 45972 | B51: =VLOOKUP(EOMONTH(A51,-1)+1,Tullet!$A$4:$D$23,2,0) -> 375.25 | C51: =VLOOKUP(EOMONTH(A51,0)+1,Tullet!$E$60:$I$79,4,0) -> 386.75 | D51: =C51-B51 -> 11.5 | E51: =VLOOKUP(DATE(YEAR(A51), MONTH(A51), 1), 'Tullet US'!$A$24:$C$32, 3, FALSE)*6.35 -> 355.6 | F51: =E51-B51 -> -19.65
A52: =WORKDAY(A51,1) -> 45973 | B52: =VLOOKUP(EOMONTH(A52,-1)+1,Tullet!$A$4:$D$23,2,0) -> 375.25 | C52: =VLOOKUP(EOMONTH(A52,0)+1,Tullet!$E$60:$I$79,4,0) -> 386.75 | D52: =C52-B52 -> 11.5 | E52: =VLOOKUP(DATE(YEAR(A52), MONTH(A52), 1), 'Tullet US'!$A$24:$C$32, 3, FALSE)*6.35 -> 355.6 | F52: =E52-B52 -> -19.65 | I52: ROTT TO USGC | J52: AFRA/SUEZ | K52: First Load | L52: ='Loading Arrival'!G3 -> 45903
A53: =WORKDAY(A52,1) -> 45974 | B53: =VLOOKUP(EOMONTH(A53,-1)+1,Tullet!$A$4:$D$23,2,0) -> 375.25 | C53: =VLOOKUP(EOMONTH(A53,0)+1,Tullet!$E$60:$I$79,4,0) -> 386.75 | D53: =C53-B53 -> 11.5 | E53: =VLOOKUP(DATE(YEAR(A53), MONTH(A53), 1), 'Tullet US'!$A$24:$C$32, 3, FALSE)*6.35 -> 355.6 | F53: =E53-B53 -> -19.65 | K53: Arrival date | L53: ='Loading Arrival'!G9 -> 45918
A54: =WORKDAY(A53,1) -> 45975 | B54: =VLOOKUP(EOMONTH(A54,-1)+1,Tullet!$A$4:$D$23,2,0) -> 375.25 | C54: =VLOOKUP(EOMONTH(A54,0)+1,Tullet!$E$60:$I$79,4,0) -> 386.75 | D54: =C54-B54 -> 11.5 | E54: =VLOOKUP(DATE(YEAR(A54), MONTH(A54), 1), 'Tullet US'!$A$24:$C$32, 3, FALSE)*6.35 -> 355.6 | F54: =E54-B54 -> -19.65 | K54: Average | L54: {=SUMPRODUCT(--($A$2:$A$66>=L52),--($A$2:$A$66<=L53),$F$2:$F$66)/SUMPRODUCT(--($A$2:$A$66>=L52),--($A$2:$A$66<=L53))} -> -16.5375
A55: =WORKDAY(A54,1) -> 45978 | B55: =VLOOKUP(EOMONTH(A55,-1)+1,Tullet!$A$4:$D$23,2,0) -> 375.25 | C55: =VLOOKUP(EOMONTH(A55,0)+1,Tullet!$E$60:$I$79,4,0) -> 386.75 | D55: =C55-B55 -> 11.5 | E55: =VLOOKUP(DATE(YEAR(A55), MONTH(A55), 1), 'Tullet US'!$A$24:$C$32, 3, FALSE)*6.35 -> 355.6 | F55: =E55-B55 -> -19.65 | K55: Second Load | L55: ='Loading Arrival'!H3 -> 45917
A56: =WORKDAY(A55,1) -> 45979 | B56: =VLOOKUP(EOMONTH(A56,-1)+1,Tullet!$A$4:$D$23,2,0) -> 375.25 | C56: =VLOOKUP(EOMONTH(A56,0)+1,Tullet!$E$60:$I$79,4,0) -> 386.75 | D56: =C56-B56 -> 11.5 | E56: =VLOOKUP(DATE(YEAR(A56), MONTH(A56), 1), 'Tullet US'!$A$24:$C$32, 3, FALSE)*6.35 -> 355.6 | F56: =E56-B56 -> -19.65 | K56: Arrival date | L56: ='Loading Arrival'!H9 -> 45932
A57: =WORKDAY(A56,1) -> 45980 | B57: =VLOOKUP(EOMONTH(A57,-1)+1,Tullet!$A$4:$D$23,2,0) -> 375.25 | C57: =VLOOKUP(EOMONTH(A57,0)+1,Tullet!$E$60:$I$79,4,0) -> 386.75 | D57: =C57-B57 -> 11.5 | E57: =VLOOKUP(DATE(YEAR(A57), MONTH(A57), 1), 'Tullet US'!$A$24:$C$32, 3, FALSE)*6.35 -> 355.6 | F57: =E57-B57 -> -19.65 | K57: Average | L57: {=SUMPRODUCT(--($A$2:$A$66>=L55),--($A$2:$A$66<=L56),$F$2:$F$66)/SUMPRODUCT(--($A$2:$A$66>=L55),--($A$2:$A$66<=L56))} -> -17.076667
A58: =WORKDAY(A57,1) -> 45981 | B58: =VLOOKUP(EOMONTH(A58,-1)+1,Tullet!$A$4:$D$23,2,0) -> 375.25 | C58: =VLOOKUP(EOMONTH(A58,0)+1,Tullet!$E$60:$I$79,4,0) -> 386.75 | D58: =C58-B58 -> 11.5 | E58: =VLOOKUP(DATE(YEAR(A58), MONTH(A58), 1), 'Tullet US'!$A$24:$C$32, 3, FALSE)*6.35 -> 355.6 | F58: =E58-B58 -> -19.65 | K58: Third Load | L58: ='Loading Arrival'!I3 -> 45931
A59: =WORKDAY(A58,1) -> 45982 | B59: =VLOOKUP(EOMONTH(A59,-1)+1,Tullet!$A$4:$D$23,2,0) -> 375.25 | C59: =VLOOKUP(EOMONTH(A59,0)+1,Tullet!$E$60:$I$79,4,0) -> 386.75 | D59: =C59-B59 -> 11.5 | E59: =VLOOKUP(DATE(YEAR(A59), MONTH(A59), 1), 'Tullet US'!$A$24:$C$32, 3, FALSE)*6.35 -> 355.6 | F59: =E59-B59 -> -19.65 | K59: Arrival date | L59: ='Loading Arrival'!I9 -> 45946
A60: =WORKDAY(A59,1) -> 45985 | B60: =VLOOKUP(EOMONTH(A60,-1)+1,Tullet!$A$4:$D$23,2,0) -> 375.25 | C60: =VLOOKUP(EOMONTH(A60,0)+1,Tullet!$E$60:$I$79,4,0) -> 386.75 | D60: =C60-B60 -> 11.5 | E60: =VLOOKUP(DATE(YEAR(A60), MONTH(A60), 1), 'Tullet US'!$A$24:$C$32, 3, FALSE)*6.35 -> 355.6 | F60: =E60-B60 -> -19.65 | K60: Average | L60: {=SUMPRODUCT(--($A$2:$A$66>=L58),--($A$2:$A$66<=L59),$F$2:$F$66)/SUMPRODUCT(--($A$2:$A$66>=L58),--($A$2:$A$66<=L59))} -> -19.7725
A61: =WORKDAY(A60,1) -> 45986 | B61: =VLOOKUP(EOMONTH(A61,-1)+1,Tullet!$A$4:$D$23,2,0) -> 375.25 | C61: =VLOOKUP(EOMONTH(A61,0)+1,Tullet!$E$60:$I$79,4,0) -> 386.75 | D61: =C61-B61 -> 11.5 | E61: =VLOOKUP(DATE(YEAR(A61), MONTH(A61), 1), 'Tullet US'!$A$24:$C$32, 3, FALSE)*6.35 -> 355.6 | F61: =E61-B61 -> -19.65
A62: =WORKDAY(A61,1) -> 45987 | B62: =VLOOKUP(EOMONTH(A62,-1)+1,Tullet!$A$4:$D$23,2,0) -> 375.25 | C62: =VLOOKUP(EOMONTH(A62,0)+1,Tullet!$E$60:$I$79,4,0) -> 386.75 | D62: =C62-B62 -> 11.5 | E62: =VLOOKUP(DATE(YEAR(A62), MONTH(A62), 1), 'Tullet US'!$A$24:$C$32, 3, FALSE)*6.35 -> 355.6 | F62: =E62-B62 -> -19.65
A63: =WORKDAY(A62,1) -> 45988 | B63: =VLOOKUP(EOMONTH(A63,-1)+1,Tullet!$A$4:$D$23,2,0) -> 375.25 | C63: =VLOOKUP(EOMONTH(A63,0)+1,Tullet!$E$60:$I$79,4,0) -> 386.75 | D63: =C63-B63 -> 11.5 | E63: =VLOOKUP(DATE(YEAR(A63), MONTH(A63), 1), 'Tullet US'!$A$24:$C$32, 3, FALSE)*6.35 -> 355.6 | F63: =E63-B63 -> -19.65
A64: =WORKDAY(A63,1) -> 45989 | B64: =VLOOKUP(EOMONTH(A64,-1)+1,Tullet!$A$4:$D$23,2,0) -> 375.25 | C64: =VLOOKUP(EOMONTH(A64,0)+1,Tullet!$E$60:$I$79,4,0) -> 386.75 | D64: =C64-B64 -> 11.5 | E64: =VLOOKUP(DATE(YEAR(A64), MONTH(A64), 1), 'Tullet US'!$A$24:$C$32, 3, FALSE)*6.35 -> 355.6 | F64: =E64-B64 -> -19.65
A65: =WORKDAY(A64,1) -> 45992 | B65: =VLOOKUP(EOMONTH(A65,-1)+1,Tullet!$A$4:$D$23,2,0) -> 371.75 | C65: =VLOOKUP(EOMONTH(A65,0)+1,Tullet!$E$60:$I$79,4,0) -> 385 | D65: =C65-B65 -> 13.25 | E65: =VLOOKUP(DATE(YEAR(A65), MONTH(A65), 1), 'Tullet US'!$A$24:$C$32, 3, FALSE)*6.35 -> 353.06 | F65: =E65-B65 -> -18.69
A66: =WORKDAY(A65,1) -> 45993 | B66: =VLOOKUP(EOMONTH(A66,-1)+1,Tullet!$A$4:$D$23,2,0) -> 371.75 | C66: =VLOOKUP(EOMONTH(A66,0)+1,Tullet!$E$60:$I$79,4,0) -> 385 | D66: =C66-B66 -> 13.25 | E66: =VLOOKUP(DATE(YEAR(A66), MONTH(A66), 1), 'Tullet US'!$A$24:$C$32, 3, FALSE)*6.35 -> 353.06 | F66: =E66-B66 -> -18.69

Sheet ROLLS LS
B1: 0.5 Barges | C1: 0.5 Sing | D1: Arb + spread LS | E1: LS GC Arb
A2: ='Loading Arrival'!B11 -> 45903 | B2: =VLOOKUP(EOMONTH(A2,-1)+1,Tullet!$N$4:$S$34,3,0) -> 452.46492 | C2: =VLOOKUP(EOMONTH(A2,0)+1,Tullet!$N$50:$S$83,3,0) -> 481.12742 | D2: =C2-B2 -> 28.6625 | E2: =VLOOKUP(DATE(YEAR(A2), MONTH(A2), 1), 'Tullet US'!$V$24:$X$32, 3, FALSE)*6.35 -> 15.875 | H2: Rott to Sing | I2: VLCC | J2: First Load | K2: ='Loading Arrival'!B3 -> 45910
A3: =WORKDAY(A2,1) -> 45904 | B3: =VLOOKUP(EOMONTH(A3,-1)+1,Tullet!$N$4:$S$34,3,0) -> 452.46492 | C3: =VLOOKUP(EOMONTH(A3,0)+1,Tullet!$N$50:$S$83,3,0) -> 481.12742 | D3: =C3-B3 -> 28.6625 | E3: =VLOOKUP(DATE(YEAR(A3), MONTH(A3), 1), 'Tullet US'!$V$24:$X$32, 3, FALSE)*6.35 -> 15.875 | J3: Arrival date | K3: ='Loading Arrival'!B9 -> 45955
A4: =WORKDAY(A3,1) -> 45905 | B4: =VLOOKUP(EOMONTH(A4,-1)+1,Tullet!$N$4:$S$34,3,0) -> 452.46492 | C4: =VLOOKUP(EOMONTH(A4,0)+1,Tullet!$N$50:$S$83,3,0) -> 481.12742 | D4: =C4-B4 -> 28.6625 | E4: =VLOOKUP(DATE(YEAR(A4), MONTH(A4), 1), 'Tullet US'!$V$24:$X$32, 3, FALSE)*6.35 -> 15.875 | J4: Average | K4: =SUMPRODUCT(--($A$2:$A$66>=K2),--($A$2:$A$66<=K3),$D$2:$D$66)/SUMPRODUCT(--($A$2:$A$66>=K2),--($A$2:$A$66<=K3)) -> 29.617045
A5: =WORKDAY(A4,1) -> 45908 | B5: =VLOOKUP(EOMONTH(A5,-1)+1,Tullet!$N$4:$S$34,3,0) -> 452.46492 | C5: =VLOOKUP(EOMONTH(A5,0)+1,Tullet!$N$50:$S$83,3,0) -> 481.12742 | D5: =C5-B5 -> 28.6625 | E5: =VLOOKUP(DATE(YEAR(A5), MONTH(A5), 1), 'Tullet US'!$V$24:$X$32, 3, FALSE)*6.35 -> 15.875 | J5: Second Load | K5: ='Loading Arrival'!C3 -> 45924
A6: =WORKDAY(A5,1) -> 45909 | B6: =VLOOKUP(EOMONTH(A6,-1)+1,Tullet!$N$4:$S$34,3,0) -> 452.46492 | C6: =VLOOKUP(EOMONTH(A6,0)+1,Tullet!$N$50:$S$83,3,0) -> 481.12742 | D6: =C6-B6 -> 28.6625 | E6: =VLOOKUP(DATE(YEAR(A6), MONTH(A6), 1), 'Tullet US'!$V$24:$X$32, 3, FALSE)*6.35 -> 15.875 | J6: Arrival date | K6: ='Loading Arrival'!C9 -> 45969
A7: =WORKDAY(A6,1) -> 45910 | B7: =VLOOKUP(EOMONTH(A7,-1)+1,Tullet!$N$4:$S$34,3,0) -> 452.46492 | C7: =VLOOKUP(EOMONTH(A7,0)+1,Tullet!$N$50:$S$83,3,0) -> 481.12742 | D7: =C7-B7 -> 28.6625 | E7: =VLOOKUP(DATE(YEAR(A7), MONTH(A7), 1), 'Tullet US'!$V$24:$X$32, 3, FALSE)*6.35 -> 15.875 | J7: Average | K7: =SUMPRODUCT(--($A$2:$A$66>=K5),--($A$2:$A$66<=K6),$D$2:$D$66)/SUMPRODUCT(--($A$2:$A$66>=K5),--($A$2:$A$66<=K6)) -> 30.336742
A8: =WORKDAY(A7,1) -> 45911 | B8: =VLOOKUP(EOMONTH(A8,-1)+1,Tullet!$N$4:$S$34,3,0) -> 452.46492 | C8: =VLOOKUP(EOMONTH(A8,0)+1,Tullet!$N$50:$S$83,3,0) -> 481.12742 | D8: =C8-B8 -> 28.6625 | E8: =VLOOKUP(DATE(YEAR(A8), MONTH(A8), 1), 'Tullet US'!$V$24:$X$32, 3, FALSE)*6.35 -> 15.875 | J8: Third Load | K8: ='Loading Arrival'!D3 -> 45938
A9: =WORKDAY(A8,1) -> 45912 | B9: =VLOOKUP(EOMONTH(A9,-1)+1,Tullet!$N$4:$S$34,3,0) -> 452.46492 | C9: =VLOOKUP(EOMONTH(A9,0)+1,Tullet!$N$50:$S$83,3,0) -> 481.12742 | D9: =C9-B9 -> 28.6625 | E9: =VLOOKUP(DATE(YEAR(A9), MONTH(A9), 1), 'Tullet US'!$V$24:$X$32, 3, FALSE)*6.35 -> 15.875 | J9: Arrival date | K9: ='Loading Arrival'!D9 -> 45983
A10: =WORKDAY(A9,1) -> 45915 | B10: =VLOOKUP(EOMONTH(A10,-1)+1,Tullet!$N$4:$S$34,3,0) -> 452.46492 | C10: =VLOOKUP(EOMONTH(A10,0)+1,Tullet!$N$50:$S$83,3,0) -> 481.12742 | D10: =C10-B10 -> 28.6625 | E10: =VLOOKUP(DATE(YEAR(A10), MONTH(A10), 1), 'Tullet US'!$V$24:$X$32, 3, FALSE)*6.35 -> 15.875 | J10: Average | K10: =SUMPRODUCT(--($A$2:$A$66>=K8),--($A$2:$A$66<=K9),$D$2:$D$66)/SUMPRODUCT(--($A$2:$A$66>=K8),--($A$2:$A$66<=K9)) -> 30.980682
A11: =WORKDAY(A10,1) -> 45916 | B11: =VLOOKUP(EOMONTH(A11,-1)+1,Tullet!$N$4:$S$34,3,0) -> 452.46492 | C11: =VLOOKUP(EOMONTH(A11,0)+1,Tullet!$N$50:$S$83,3,0) -> 481.12742 | D11: =C11-B11 -> 28.6625 | E11: =VLOOKUP(DATE(YEAR(A11), MONTH(A11), 1), 'Tullet US'!$V$24:$X$32, 3, FALSE)*6.35 -> 15.875 | Q11: Nov Sing
A12: =WORKDAY(A11,1) -> 45917 | B12: =VLOOKUP(EOMONTH(A12,-1)+1,Tullet!$N$4:$S$34,3,0) -> 452.46492 | C12: =VLOOKUP(EOMONTH(A12,0)+1,Tullet!$N$50:$S$83,3,0) -> 481.12742 | D12: =C12-B12 -> 28.6625 | E12: =VLOOKUP(DATE(YEAR(A12), MONTH(A12), 1), 'Tullet US'!$V$24:$X$32, 3, FALSE)*6.35 -> 15.875 | I12: AFRA/SUEZ | J12: First Load | K12: ='Loading Arrival'!B11 -> 45903 | P12: Lovina Sold | Q12: -106
A13: =WORKDAY(A12,1) -> 45918 | B13: =VLOOKUP(EOMONTH(A13,-1)+1,Tullet!$N$4:$S$34,3,0) -> 452.46492 | C13: =VLOOKUP(EOMONTH(A13,0)+1,Tullet!$N$50:$S$83,3,0) -> 481.12742 | D13: =C13-B13 -> 28.6625 | E13: =VLOOKUP(DATE(YEAR(A13), MONTH(A13), 1), 'Tullet US'!$V$24:$X$32, 3, FALSE)*6.35 -> 15.875 | J13: Arrival date | K13: ='Loading Arrival'!B17 -> 45930 | P13: E/W
A14: =WORKDAY(A13,1) -> 45919 | B14: =VLOOKUP(EOMONTH(A14,-1)+1,Tullet!$N$4:$S$34,3,0) -> 452.46492 | C14: =VLOOKUP(EOMONTH(A14,0)+1,Tullet!$N$50:$S$83,3,0) -> 481.12742 | D14: =C14-B14 -> 28.6625 | E14: =VLOOKUP(DATE(YEAR(A14), MONTH(A14), 1), 'Tullet US'!$V$24:$X$32, 3, FALSE)*6.35 -> 15.875 | J14: Average | K14: =SUMPRODUCT(--($A$2:$A$66>=K12),--($A$2:$A$66<=K13),$D$2:$D$66)/SUMPRODUCT(--($A$2:$A$66>=K12),--($A$2:$A$66<=K13)) -> 28.6625
A15: =WORKDAY(A14,1) -> 45922 | B15: =VLOOKUP(EOMONTH(A15,-1)+1,Tullet!$N$4:$S$34,3,0) -> 452.46492 | C15: =VLOOKUP(EOMONTH(A15,0)+1,Tullet!$N$50:$S$83,3,0) -> 481.12742 | D15: =C15-B15 -> 28.6625 | E15: =VLOOKUP(DATE(YEAR(A15), MONTH(A15), 1), 'Tullet US'!$V$24:$X$32, 3, FALSE)*6.35 -> 15.875 | J15: Second Load | K15: ='Loading Arrival'!C11 -> 45917
A16: =WORKDAY(A15,1) -> 45923 | B16: =VLOOKUP(EOMONTH(A16,-1)+1,Tullet!$N$4:$S$34,3,0) -> 452.46492 | C16: =VLOOKUP(EOMONTH(A16,0)+1,Tullet!$N$50:$S$83,3,0) -> 481.12742 | D16: =C16-B16 -> 28.6625 | E16: =VLOOKUP(DATE(YEAR(A16), MONTH(A16), 1), 'Tullet US'!$V$24:$X$32, 3, FALSE)*6.35 -> 15.875 | J16: Arrival date | K16: ='Loading Arrival'!C17 -> 45944
A17: =WORKDAY(A16,1) -> 45924 | B17: =VLOOKUP(EOMONTH(A17,-1)+1,Tullet!$N$4:$S$34,3,0) -> 452.46492 | C17: =VLOOKUP(EOMONTH(A17,0)+1,Tullet!$N$50:$S$83,3,0) -> 481.12742 | D17: =C17-B17 -> 28.6625 | E17: =VLOOKUP(DATE(YEAR(A17), MONTH(A17), 1), 'Tullet US'!$V$24:$X$32, 3, FALSE)*6.35 -> 15.875 | J17: Average | K17: =SUMPRODUCT(--($A$2:$A$66>=K15),--($A$2:$A$66<=K16),$D$2:$D$66)/SUMPRODUCT(--($A$2:$A$66>=K15),--($A$2:$A$66<=K16)) -> 29.5375 | P17: Formula
A18: =WORKDAY(A17,1) -> 45925 | B18: =VLOOKUP(EOMONTH(A18,-1)+1,Tullet!$N$4:$S$34,3,0) -> 452.46492 | C18: =VLOOKUP(EOMONTH(A18,0)+1,Tullet!$N$50:$S$83,3,0) -> 481.12742 | D18: =C18-B18 -> 28.6625 | E18: =VLOOKUP(DATE(YEAR(A18), MONTH(A18), 1), 'Tullet US'!$V$24:$X$32, 3, FALSE)*6.35 -> 15.875 | J18: Third Load | K18: ='Loading Arrival'!D11 -> 45931
A19: =WORKDAY(A18,1) -> 45926 | B19: =VLOOKUP(EOMONTH(A19,-1)+1,Tullet!$N$4:$S$34,3,0) -> 452.46492 | C19: =VLOOKUP(EOMONTH(A19,0)+1,Tullet!$N$50:$S$83,3,0) -> 481.12742 | D19: =C19-B19 -> 28.6625 | E19: =VLOOKUP(DATE(YEAR(A19), MONTH(A19), 1), 'Tullet US'!$V$24:$X$32, 3, FALSE)*6.35 -> 15.875 | J19: Arrival date | K19: ='Loading Arrival'!D17 -> 45958
A20: =WORKDAY(A19,1) -> 45929 | B20: =VLOOKUP(EOMONTH(A20,-1)+1,Tullet!$N$4:$S$34,3,0) -> 452.46492 | C20: =VLOOKUP(EOMONTH(A20,0)+1,Tullet!$N$50:$S$83,3,0) -> 481.12742 | D20: =C20-B20 -> 28.6625 | E20: =VLOOKUP(DATE(YEAR(A20), MONTH(A20), 1), 'Tullet US'!$V$24:$X$32, 3, FALSE)*6.35 -> 15.875 | J20: Average | K20: =SUMPRODUCT(--($A$2:$A$66>=K18),--($A$2:$A$66<=K19),$D$2:$D$66)/SUMPRODUCT(--($A$2:$A$66>=K18),--($A$2:$A$66<=K19)) -> 30.4125
A21: =WORKDAY(A20,1) -> 45930 | B21: =VLOOKUP(EOMONTH(A21,-1)+1,Tullet!$N$4:$S$34,3,0) -> 452.46492 | C21: =VLOOKUP(EOMONTH(A21,0)+1,Tullet!$N$50:$S$83,3,0) -> 481.12742 | D21: =C21-B21 -> 28.6625 | E21: =VLOOKUP(DATE(YEAR(A21), MONTH(A21), 1), 'Tullet US'!$V$24:$X$32, 3, FALSE)*6.35 -> 15.875
A22: =WORKDAY(A21,1) -> 45931 | B22: =VLOOKUP(EOMONTH(A22,-1)+1,Tullet!$N$4:$S$34,3,0) -> 447.96492 | C22: =VLOOKUP(EOMONTH(A22,0)+1,Tullet!$N$50:$S$83,3,0) -> 478.37742 | D22: =C22-B22 -> 30.4125 | E22: =VLOOKUP(DATE(YEAR(A22), MONTH(A22), 1), 'Tullet US'!$V$24:$X$32, 3, FALSE)*6.35 -> 13.97 | H22: MED TO SING | I22: AFRA/SUEZ | J22: First Load | K22: ='Loading Arrival'!B20 -> 45903
A23: =WORKDAY(A22,1) -> 45932 | B23: =VLOOKUP(EOMONTH(A23,-1)+1,Tullet!$N$4:$S$34,3,0) -> 447.96492 | C23: =VLOOKUP(EOMONTH(A23,0)+1,Tullet!$N$50:$S$83,3,0) -> 478.37742 | D23: =C23-B23 -> 30.4125 | E23: =VLOOKUP(DATE(YEAR(A23), MONTH(A23), 1), 'Tullet US'!$V$24:$X$32, 3, FALSE)*6.35 -> 13.97 | J23: Arrival date | K23: ='Loading Arrival'!B26 -> 45922
A24: =WORKDAY(A23,1) -> 45933 | B24: =VLOOKUP(EOMONTH(A24,-1)+1,Tullet!$N$4:$S$34,3,0) -> 447.96492 | C24: =VLOOKUP(EOMONTH(A24,0)+1,Tullet!$N$50:$S$83,3,0) -> 478.37742 | D24: =C24-B24 -> 30.4125 | E24: =VLOOKUP(DATE(YEAR(A24), MONTH(A24), 1), 'Tullet US'!$V$24:$X$32, 3, FALSE)*6.35 -> 13.97 | J24: Average | K24: =SUMPRODUCT(--($A$2:$A$66>=K22),--($A$2:$A$66<=K23),$D$2:$D$66)/SUMPRODUCT(--($A$2:$A$66>=K22),--($A$2:$A$66<=K23)) -> 28.6625
A25: =WORKDAY(A24,1) -> 45936 | B25: =VLOOKUP(EOMONTH(A25,-1)+1,Tullet!$N$4:$S$34,3,0) -> 447.96492 | C25: =VLOOKUP(EOMONTH(A25,0)+1,Tullet!$N$50:$S$83,3,0) -> 478.37742 | D25: =C25-B25 -> 30.4125 | E25: =VLOOKUP(DATE(YEAR(A25), MONTH(A25), 1), 'Tullet US'!$V$24:$X$32, 3, FALSE)*6.35 -> 13.97 | J25: Second Load | K25: ='Loading Arrival'!C20 -> 45917
A26: =WORKDAY(A25,1) -> 45937 | B26: =VLOOKUP(EOMONTH(A26,-1)+1,Tullet!$N$4:$S$34,3,0) -> 447.96492 | C26: =VLOOKUP(EOMONTH(A26,0)+1,Tullet!$N$50:$S$83,3,0) -> 478.37742 | D26: =C26-B26 -> 30.4125 | E26: =VLOOKUP(DATE(YEAR(A26), MONTH(A26), 1), 'Tullet US'!$V$24:$X$32, 3, FALSE)*6.35 -> 13.97 | J26: Arrival date | K26: ='Loading Arrival'!C26 -> 45936
A27: =WORKDAY(A26,1) -> 45938 | B27: =VLOOKUP(EOMONTH(A27,-1)+1,Tullet!$N$4:$S$34,3,0) -> 447.96492 | C27: =VLOOKUP(EOMONTH(A27,0)+1,Tullet!$N$50:$S$83,3,0) -> 478.37742 | D27: =C27-B27 -> 30.4125 | E27: =VLOOKUP(DATE(YEAR(A27), MONTH(A27), 1), 'Tullet US'!$V$24:$X$32, 3, FALSE)*6.35 -> 13.97 | J27: Average | K27: =SUMPRODUCT(--($A$2:$A$66>=K25),--($A$2:$A$66<=K26),$D$2:$D$66)/SUMPRODUCT(--($A$2:$A$66>=K25),--($A$2:$A$66<=K26)) -> 29.1625
A28: =WORKDAY(A27,1) -> 45939 | B28: =VLOOKUP(EOMONTH(A28,-1)+1,Tullet!$N$4:$S$34,3,0) -> 447.96492 | C28: =VLOOKUP(EOMONTH(A28,0)+1,Tullet!$N$50:$S$83,3,0) -> 478.37742 | D28: =C28-B28 -> 30.4125 | E28: =VLOOKUP(DATE(YEAR(A28), MONTH(A28), 1), 'Tullet US'!$V$24:$X$32, 3, FALSE)*6.35 -> 13.97 | J28: Third Load | K28: ='Loading Arrival'!D20 -> 45931
A29: =WORKDAY(A28,1) -> 45940 | B29: =VLOOKUP(EOMONTH(A29,-1)+1,Tullet!$N$4:$S$34,3,0) -> 447.96492 | C29: =VLOOKUP(EOMONTH(A29,0)+1,Tullet!$N$50:$S$83,3,0) -> 478.37742 | D29: =C29-B29 -> 30.4125 | E29: =VLOOKUP(DATE(YEAR(A29), MONTH(A29), 1), 'Tullet US'!$V$24:$X$32, 3, FALSE)*6.35 -> 13.97 | J29: Arrival date | K29: ='Loading Arrival'!D26 -> 45950
A30: =WORKDAY(A29,1) -> 45943 | B30: =VLOOKUP(EOMONTH(A30,-1)+1,Tullet!$N$4:$S$34,3,0) -> 447.96492 | C30: =VLOOKUP(EOMONTH(A30,0)+1,Tullet!$N$50:$S$83,3,0) -> 478.37742 | D30: =C30-B30 -> 30.4125 | E30: =VLOOKUP(DATE(YEAR(A30), MONTH(A30), 1), 'Tullet US'!$V$24:$X$32, 3, FALSE)*6.35 -> 13.97 | J30: Average | K30: =SUMPRODUCT(--($A$2:$A$66>=K28),--($A$2:$A$66<=K29),$D$2:$D$66)/SUMPRODUCT(--($A$2:$A$66>=K28),--($A$2:$A$66<=K29)) -> 30.4125
A31: =WORKDAY(A30,1) -> 45944 | B31: =VLOOKUP(EOMONTH(A31,-1)+1,Tullet!$N$4:$S$34,3,0) -> 447.96492 | C31: =VLOOKUP(EOMONTH(A31,0)+1,Tullet!$N$50:$S$83,3,0) -> 478.37742 | D31: =C31-B31 -> 30.4125 | E31: =VLOOKUP(DATE(YEAR(A31), MONTH(A31), 1), 'Tullet US'!$V$24:$X$32, 3, FALSE)*6.35 -> 13.97
A32: =WORKDAY(A31,1) -> 45945 | B32: =VLOOKUP(EOMONTH(A32,-1)+1,Tullet!$N$4:$S$34,3,0) -> 447.96492 | C32: =VLOOKUP(EOMONTH(A32,0)+1,Tullet!$N$50:$S$83,3,0) -> 478.37742 | D32: =C32-B32 -> 30.4125 | E32: =VLOOKUP(DATE(YEAR(A32), MONTH(A32), 1), 'Tullet US'!$V$24:$X$32, 3, FALSE)*6.35 -> 13.97 | H32: ROTT TO AG | I32: AFRA/SUEZ | J32: First Load | K32: ='Loading Arrival'!B29 -> 45903
A33: =WORKDAY(A32,1) -> 45946 | B33: =VLOOKUP(EOMONTH(A33,-1)+1,Tullet!$N$4:$S$34,3,0) -> 447.96492 | C33: =VLOOKUP(EOMONTH(A33,0)+1,Tullet!$N$50:$S$83,3,0) -> 478.37742 | D33: =C33-B33 -> 30.4125 | E33: =VLOOKUP(DATE(YEAR(A33), MONTH(A33), 1), 'Tullet US'!$V$24:$X$32, 3, FALSE)*6.35 -> 13.97 | J33: Arrival date | K33: ='Loading Arrival'!B35 -> 45923
A34: =WORKDAY(A33,1) -> 45947 | B34: =VLOOKUP(EOMONTH(A34,-1)+1,Tullet!$N$4:$S$34,3,0) -> 447.96492 | C34: =VLOOKUP(EOMONTH(A34,0)+1,Tullet!$N$50:$S$83,3,0) -> 478.37742 | D34: =C34-B34 -> 30.4125 | E34: =VLOOKUP(DATE(YEAR(A34), MONTH(A34), 1), 'Tullet US'!$V$24:$X$32, 3, FALSE)*6.35 -> 13.97 | J34: Average | K34: =SUMPRODUCT(--($A$2:$A$66>=K32),--($A$2:$A$66<=K33),$D$2:$D$66)/SUMPRODUCT(--($A$2:$A$66>=K32),--($A$2:$A$66<=K33)) -> 28.6625
A35: =WORKDAY(A34,1) -> 45950 | B35: =VLOOKUP(EOMONTH(A35,-1)+1,Tullet!$N$4:$S$34,3,0) -> 447.96492 | C35: =VLOOKUP(EOMONTH(A35,0)+1,Tullet!$N$50:$S$83,3,0) -> 478.37742 | D35: =C35-B35 -> 30.4125 | E35: =VLOOKUP(DATE(YEAR(A35), MONTH(A35), 1), 'Tullet US'!$V$24:$X$32, 3, FALSE)*6.35 -> 13.97 | J35: Second Load | K35: ='Loading Arrival'!C29 -> 45917
A36: =WORKDAY(A35,1) -> 45951 | B36: =VLOOKUP(EOMONTH(A36,-1)+1,Tullet!$N$4:$S$34,3,0) -> 447.96492 | C36: =VLOOKUP(EOMONTH(A36,0)+1,Tullet!$N$50:$S$83,3,0) -> 478.37742 | D36: =C36-B36 -> 30.4125 | E36: =VLOOKUP(DATE(YEAR(A36), MONTH(A36), 1), 'Tullet US'!$V$24:$X$32, 3, FALSE)*6.35 -> 13.97 | J36: Arrival date | K36: ='Loading Arrival'!C35 -> 45937
A37: =WORKDAY(A36,1) -> 45952 | B37: =VLOOKUP(EOMONTH(A37,-1)+1,Tullet!$N$4:$S$34,3,0) -> 447.96492 | C37: =VLOOKUP(EOMONTH(A37,0)+1,Tullet!$N$50:$S$83,3,0) -> 478.37742 | D37: =C37-B37 -> 30.4125 | E37: =VLOOKUP(DATE(YEAR(A37), MONTH(A37), 1), 'Tullet US'!$V$24:$X$32, 3, FALSE)*6.35 -> 13.97 | J37: Average | K37: =SUMPRODUCT(--($A$2:$A$66>=K35),--($A$2:$A$66<=K36),$D$2:$D$66)/SUMPRODUCT(--($A$2:$A$66>=K35),--($A$2:$A$66<=K36)) -> 29.245833
A38: =WORKDAY(A37,1) -> 45953 | B38: =VLOOKUP(EOMONTH(A38,-1)+1,Tullet!$N$4:$S$34,3,0) -> 447.96492 | C38: =VLOOKUP(EOMONTH(A38,0)+1,Tullet!$N$50:$S$83,3,0) -> 478.37742 | D38: =C38-B38 -> 30.4125 | E38: =VLOOKUP(DATE(YEAR(A38), MONTH(A38), 1), 'Tullet US'!$V$24:$X$32, 3, FALSE)*6.35 -> 13.97 | J38: Third Load | K38: ='Loading Arrival'!D29 -> 45931
A39: =WORKDAY(A38,1) -> 45954 | B39: =VLOOKUP(EOMONTH(A39,-1)+1,Tullet!$N$4:$S$34,3,0) -> 447.96492 | C39: =VLOOKUP(EOMONTH(A39,0)+1,Tullet!$N$50:$S$83,3,0) -> 478.37742 | D39: =C39-B39 -> 30.4125 | E39: =VLOOKUP(DATE(YEAR(A39), MONTH(A39), 1), 'Tullet US'!$V$24:$X$32, 3, FALSE)*6.35 -> 13.97 | J39: Arrival date | K39: ='Loading Arrival'!D35 -> 45951
A40: =WORKDAY(A39,1) -> 45957 | B40: =VLOOKUP(EOMONTH(A40,-1)+1,Tullet!$N$4:$S$34,3,0) -> 447.96492 | C40: =VLOOKUP(EOMONTH(A40,0)+1,Tullet!$N$50:$S$83,3,0) -> 478.37742 | D40: =C40-B40 -> 30.4125 | E40: =VLOOKUP(DATE(YEAR(A40), MONTH(A40), 1), 'Tullet US'!$V$24:$X$32, 3, FALSE)*6.35 -> 13.97 | J40: Average | K40: =SUMPRODUCT(--($A$2:$A$66>=K38),--($A$2:$A$66<=K39),$D$2:$D$66)/SUMPRODUCT(--($A$2:$A$66>=K38),--($A$2:$A$66<=K39)) -> 30.4125
A41: =WORKDAY(A40,1) -> 45958 | B41: =VLOOKUP(EOMONTH(A41,-1)+1,Tullet!$N$4:$S$34,3,0) -> 447.96492 | C41: =VLOOKUP(EOMONTH(A41,0)+1,Tullet!$N$50:$S$83,3,0) -> 478.37742 | D41: =C41-B41 -> 30.4125 | E41: =VLOOKUP(DATE(YEAR(A41), MONTH(A41), 1), 'Tullet US'!$V$24:$X$32, 3, FALSE)*6.35 -> 13.97
A42: =WORKDAY(A41,1) -> 45959 | B42: =VLOOKUP(EOMONTH(A42,-1)+1,Tullet!$N$4:$S$34,3,0) -> 447.96492 | C42: =VLOOKUP(EOMONTH(A42,0)+1,Tullet!$N$50:$S$83,3,0) -> 478.37742 | D42: =C42-B42 -> 30.4125 | E42: =VLOOKUP(DATE(YEAR(A42), MONTH(A42), 1), 'Tullet US'!$V$24:$X$32, 3, FALSE)*6.35 -> 13.97 | H42: MED TO AG | I42: AFRA/SUEZ | J42: First Load | K42: ='Loading Arrival'!B38 -> 45903
A43: =WORKDAY(A42,1) -> 45960 | B43: =VLOOKUP(EOMONTH(A43,-1)+1,Tullet!$N$4:$S$34,3,0) -> 447.96492 | C43: =VLOOKUP(EOMONTH(A43,0)+1,Tullet!$N$50:$S$83,3,0) -> 478.37742 | D43: =C43-B43 -> 30.4125 | E43: =VLOOKUP(DATE(YEAR(A43), MONTH(A43), 1), 'Tullet US'!$V$24:$X$32, 3, FALSE)*6.35 -> 13.97 | J43: Arrival date | K43: ='Loading Arrival'!B44 -> 45915
A44: =WORKDAY(A43,1) -> 45961 | B44: =VLOOKUP(EOMONTH(A44,-1)+1,Tullet!$N$4:$S$34,3,0) -> 447.96492 | C44: =VLOOKUP(EOMONTH(A44,0)+1,Tullet!$N$50:$S$83,3,0) -> 478.37742 | D44: =C44-B44 -> 30.4125 | E44: =VLOOKUP(DATE(YEAR(A44), MONTH(A44), 1), 'Tullet US'!$V$24:$X$32, 3, FALSE)*6.35 -> 13.97 | J44: Average | K44: =SUMPRODUCT(--($A$2:$A$66>=K42),--($A$2:$A$66<=K43),$D$2:$D$66)/SUMPRODUCT(--($A$2:$A$66>=K42),--($A$2:$A$66<=K43)) -> 28.6625
A45: =WORKDAY(A44,1) -> 45964 | B45: =VLOOKUP(EOMONTH(A45,-1)+1,Tullet!$N$4:$S$34,3,0) -> 444.21492 | C45: =VLOOKUP(EOMONTH(A45,0)+1,Tullet!$N$50:$S$83,3,0) -> 475.87742 | D45: =C45-B45 -> 31.6625 | E45: =VLOOKUP(DATE(YEAR(A45), MONTH(A45), 1), 'Tullet US'!$V$24:$X$32, 3, FALSE)*6.35 -> 14.224 | J45: Second Load | K45: ='Loading Arrival'!C38 -> 45917
A46: =WORKDAY(A45,1) -> 45965 | B46: =VLOOKUP(EOMONTH(A46,-1)+1,Tullet!$N$4:$S$34,3,0) -> 444.21492 | C46: =VLOOKUP(EOMONTH(A46,0)+1,Tullet!$N$50:$S$83,3,0) -> 475.87742 | D46: =C46-B46 -> 31.6625 | E46: =VLOOKUP(DATE(YEAR(A46), MONTH(A46), 1), 'Tullet US'!$V$24:$X$32, 3, FALSE)*6.35 -> 14.224 | J46: Arrival date | K46: ='Loading Arrival'!C44 -> 45929
A47: =WORKDAY(A46,1) -> 45966 | B47: =VLOOKUP(EOMONTH(A47,-1)+1,Tullet!$N$4:$S$34,3,0) -> 444.21492 | C47: =VLOOKUP(EOMONTH(A47,0)+1,Tullet!$N$50:$S$83,3,0) -> 475.87742 | D47: =C47-B47 -> 31.6625 | E47: =VLOOKUP(DATE(YEAR(A47), MONTH(A47), 1), 'Tullet US'!$V$24:$X$32, 3, FALSE)*6.35 -> 14.224 | J47: Average | K47: =SUMPRODUCT(--($A$2:$A$66>=K45),--($A$2:$A$66<=K46),$D$2:$D$66)/SUMPRODUCT(--($A$2:$A$66>=K45),--($A$2:$A$66<=K46)) -> 28.6625
A48: =WORKDAY(A47,1) -> 45967 | B48: =VLOOKUP(EOMONTH(A48,-1)+1,Tullet!$N$4:$S$34,3,0) -> 444.21492 | C48: =VLOOKUP(EOMONTH(A48,0)+1,Tullet!$N$50:$S$83,3,0) -> 475.87742 | D48: =C48-B48 -> 31.6625 | E48: =VLOOKUP(DATE(YEAR(A48), MONTH(A48), 1), 'Tullet US'!$V$24:$X$32, 3, FALSE)*6.35 -> 14.224 | J48: Third Load | K48: ='Loading Arrival'!D38 -> 45931
A49: =WORKDAY(A48,1) -> 45968 | B49: =VLOOKUP(EOMONTH(A49,-1)+1,Tullet!$N$4:$S$34,3,0) -> 444.21492 | C49: =VLOOKUP(EOMONTH(A49,0)+1,Tullet!$N$50:$S$83,3,0) -> 475.87742 | D49: =C49-B49 -> 31.6625 | E49: =VLOOKUP(DATE(YEAR(A49), MONTH(A49), 1), 'Tullet US'!$V$24:$X$32, 3, FALSE)*6.35 -> 14.224 | J49: Arrival date | K49: ='Loading Arrival'!D44 -> 45943
A50: =WORKDAY(A49,1) -> 45971 | B50: =VLOOKUP(EOMONTH(A50,-1)+1,Tullet!$N$4:$S$34,3,0) -> 444.21492 | C50: =VLOOKUP(EOMONTH(A50,0)+1,Tullet!$N$50:$S$83,3,0) -> 475.87742 | D50: =C50-B50 -> 31.6625 | E50: =VLOOKUP(DATE(YEAR(A50), MONTH(A50), 1), 'Tullet US'!$V$24:$X$32, 3, FALSE)*6.35 -> 14.224 | J50: Average | K50: =SUMPRODUCT(--($A$2:$A$66>=K48),--($A$2:$A$66<=K49),$D$2:$D$66)/SUMPRODUCT(--($A$2:$A$66>=K48),--($A$2:$A$66<=K49)) -> 30.4125
A51: =WORKDAY(A50,1) -> 45972 | B51: =VLOOKUP(EOMONTH(A51,-1)+1,Tullet!$N$4:$S$34,3,0) -> 444.21492 | C51: =VLOOKUP(EOMONTH(A51,0)+1,Tullet!$N$50:$S$83,3,0) -> 475.87742 | D51: =C51-B51 -> 31.6625 | E51: =VLOOKUP(DATE(YEAR(A51), MONTH(A51), 1), 'Tullet US'!$V$24:$X$32, 3, FALSE)*6.35 -> 14.224
A52: =WORKDAY(A51,1) -> 45973 | B52: =VLOOKUP(EOMONTH(A52,-1)+1,Tullet!$N$4:$S$34,3,0) -> 444.21492 | C52: =VLOOKUP(EOMONTH(A52,0)+1,Tullet!$N$50:$S$83,3,0) -> 475.87742 | D52: =C52-B52 -> 31.6625 | E52: =VLOOKUP(DATE(YEAR(A52), MONTH(A52), 1), 'Tullet US'!$V$24:$X$32, 3, FALSE)*6.35 -> 14.224 | H52: ROTT TO USGC | I52: AFRA/SUEZ | J52: First Load | K52: ='Loading Arrival'!G3 -> 45903
A53: =WORKDAY(A52,1) -> 45974 | B53: =VLOOKUP(EOMONTH(A53,-1)+1,Tullet!$N$4:$S$34,3,0) -> 444.21492 | C53: =VLOOKUP(EOMONTH(A53,0)+1,Tullet!$N$50:$S$83,3,0) -> 475.87742 | D53: =C53-B53 -> 31.6625 | E53: =VLOOKUP(DATE(YEAR(A53), MONTH(A53), 1), 'Tullet US'!$V$24:$X$32, 3, FALSE)*6.35 -> 14.224 | J53: Arrival date | K53: ='Loading Arrival'!G9 -> 45918
A54: =WORKDAY(A53,1) -> 45975 | B54: =VLOOKUP(EOMONTH(A54,-1)+1,Tullet!$N$4:$S$34,3,0) -> 444.21492 | C54: =VLOOKUP(EOMONTH(A54,0)+1,Tullet!$N$50:$S$83,3,0) -> 475.87742 | D54: =C54-B54 -> 31.6625 | E54: =VLOOKUP(DATE(YEAR(A54), MONTH(A54), 1), 'Tullet US'!$V$24:$X$32, 3, FALSE)*6.35 -> 14.224 | J54: Average | K54: {=SUMPRODUCT(--($A$2:$A$66>=K52),--($A$2:$A$66<=K53),$E$2:$E$66)/SUMPRODUCT(--($A$2:$A$66>=K52),--($A$2:$A$66<=K53))} -> 15.875
A55: =WORKDAY(A54,1) -> 45978 | B55: =VLOOKUP(EOMONTH(A55,-1)+1,Tullet!$N$4:$S$34,3,0) -> 444.21492 | C55: =VLOOKUP(EOMONTH(A55,0)+1,Tullet!$N$50:$S$83,3,0) -> 475.87742 | D55: =C55-B55 -> 31.6625 | E55: =VLOOKUP(DATE(YEAR(A55), MONTH(A55), 1), 'Tullet US'!$V$24:$X$32, 3, FALSE)*6.35 -> 14.224 | J55: Second Load | K55: ='Loading Arrival'!H3 -> 45917
A56: =WORKDAY(A55,1) -> 45979 | B56: =VLOOKUP(EOMONTH(A56,-1)+1,Tullet!$N$4:$S$34,3,0) -> 444.21492 | C56: =VLOOKUP(EOMONTH(A56,0)+1,Tullet!$N$50:$S$83,3,0) -> 475.87742 | D56: =C56-B56 -> 31.6625 | E56: =VLOOKUP(DATE(YEAR(A56), MONTH(A56), 1), 'Tullet US'!$V$24:$X$32, 3, FALSE)*6.35 -> 14.224 | J56: Arrival date | K56: ='Loading Arrival'!H9 -> 45932
A57: =WORKDAY(A56,1) -> 45980 | B57: =VLOOKUP(EOMONTH(A57,-1)+1,Tullet!$N$4:$S$34,3,0) -> 444.21492 | C57: =VLOOKUP(EOMONTH(A57,0)+1,Tullet!$N$50:$S$83,3,0) -> 475.87742 | D57: =C57-B57 -> 31.6625 | E57: =VLOOKUP(DATE(YEAR(A57), MONTH(A57), 1), 'Tullet US'!$V$24:$X$32, 3, FALSE)*6.35 -> 14.224 | J57: Average | K57: {=SUMPRODUCT(--($A$2:$A$66>=K55),--($A$2:$A$66<=K56),$E$2:$E$66)/SUMPRODUCT(--($A$2:$A$66>=K55),--($A$2:$A$66<=K56))} -> 15.5575
A58: =WORKDAY(A57,1) -> 45981 | B58: =VLOOKUP(EOMONTH(A58,-1)+1,Tullet!$N$4:$S$34,3,0) -> 444.21492 | C58: =VLOOKUP(EOMONTH(A58,0)+1,Tullet!$N$50:$S$83,3,0) -> 475.87742 | D58: =C58-B58 -> 31.6625 | E58: =VLOOKUP(DATE(YEAR(A58), MONTH(A58), 1), 'Tullet US'!$V$24:$X$32, 3, FALSE)*6.35 -> 14.224 | J58: Third Load | K58: ='Loading Arrival'!I3 -> 45931
A59: =WORKDAY(A58,1) -> 45982 | B59: =VLOOKUP(EOMONTH(A59,-1)+1,Tullet!$N$4:$S$34,3,0) -> 444.21492 | C59: =VLOOKUP(EOMONTH(A59,0)+1,Tullet!$N$50:$S$83,3,0) -> 475.87742 | D59: =C59-B59 -> 31.6625 | E59: =VLOOKUP(DATE(YEAR(A59), MONTH(A59), 1), 'Tullet US'!$V$24:$X$32, 3, FALSE)*6.35 -> 14.224 | J59: Arrival date | K59: ='Loading Arrival'!I9 -> 45946
A60: =WORKDAY(A59,1) -> 45985 | B60: =VLOOKUP(EOMONTH(A60,-1)+1,Tullet!$N$4:$S$34,3,0) -> 444.21492 | C60: =VLOOKUP(EOMONTH(A60,0)+1,Tullet!$N$50:$S$83,3,0) -> 475.87742 | D60: =C60-B60 -> 31.6625 | E60: =VLOOKUP(DATE(YEAR(A60), MONTH(A60), 1), 'Tullet US'!$V$24:$X$32, 3, FALSE)*6.35 -> 14.224 | J60: Average | K60: {=SUMPRODUCT(--($A$2:$A$66>=K58),--($A$2:$A$66<=K59),$E$2:$E$66)/SUMPRODUCT(--($A$2:$A$66>=K58),--($A$2:$A$66<=K59))} -> 13.97
A61: =WORKDAY(A60,1) -> 45986 | B61: =VLOOKUP(EOMONTH(A61,-1)+1,Tullet!$N$4:$S$34,3,0) -> 444.21492 | C61: =VLOOKUP(EOMONTH(A61,0)+1,Tullet!$N$50:$S$83,3,0) -> 475.87742 | D61: =C61-B61 -> 31.6625 | E61: =VLOOKUP(DATE(YEAR(A61), MONTH(A61), 1), 'Tullet US'!$V$24:$X$32, 3, FALSE)*6.35 -> 14.224
A62: =WORKDAY(A61,1) -> 45987 | B62: =VLOOKUP(EOMONTH(A62,-1)+1,Tullet!$N$4:$S$34,3,0) -> 444.21492 | C62: =VLOOKUP(EOMONTH(A62,0)+1,Tullet!$N$50:$S$83,3,0) -> 475.87742 | D62: =C62-B62 -> 31.6625 | E62: =VLOOKUP(DATE(YEAR(A62), MONTH(A62), 1), 'Tullet US'!$V$24:$X$32, 3, FALSE)*6.35 -> 14.224
A63: =WORKDAY(A62,1) -> 45988 | B63: =VLOOKUP(EOMONTH(A63,-1)+1,Tullet!$N$4:$S$34,3,0) -> 444.21492 | C63: =VLOOKUP(EOMONTH(A63,0)+1,Tullet!$N$50:$S$83,3,0) -> 475.87742 | D63: =C63-B63 -> 31.6625 | E63: =VLOOKUP(DATE(YEAR(A63), MONTH(A63), 1), 'Tullet US'!$V$24:$X$32, 3, FALSE)*6.35 -> 14.224
A64: =WORKDAY(A63,1) -> 45989 | B64: =VLOOKUP(EOMONTH(A64,-1)+1,Tullet!$N$4:$S$34,3,0) -> 444.21492 | C64: =VLOOKUP(EOMONTH(A64,0)+1,Tullet!$N$50:$S$83,3,0) -> 475.87742 | D64: =C64-B64 -> 31.6625 | E64: =VLOOKUP(DATE(YEAR(A64), MONTH(A64), 1), 'Tullet US'!$V$24:$X$32, 3, FALSE)*6.35 -> 14.224
A65: =WORKDAY(A64,1) -> 45992 | B65: =VLOOKUP(EOMONTH(A65,-1)+1,Tullet!$N$4:$S$34,3,0) -> 441.46492 | C65: =VLOOKUP(EOMONTH(A65,0)+1,Tullet!$N$50:$S$83,3,0) -> 473.62742 | D65: =C65-B65 -> 32.1625 | E65: =VLOOKUP(DATE(YEAR(A65), MONTH(A65), 1), 'Tullet US'!$V$24:$X$32, 3, FALSE)*6.35 -> 13.843
A66: =WORKDAY(A65,1) -> 45993 | B66: =VLOOKUP(EOMONTH(A66,-1)+1,Tullet!$N$4:$S$34,3,0) -> 441.46492 | C66: =VLOOKUP(EOMONTH(A66,0)+1,Tullet!$N$50:$S$83,3,0) -> 473.62742 | D66: =C66-B66 -> 32.1625 | E66: =VLOOKUP(DATE(YEAR(A66), MONTH(A66), 1), 'Tullet US'!$V$24:$X$32, 3, FALSE)*6.35 -> 13.843

Sheet Mapping
A1: 1 | B1: JAN
A2: 2 | B2: FEB
A3: 3 | B3: MAR
A4: 4 | B4: APR
A5: 5 | B5: MAY
A6: 6 | B6: JUN
A7: 7 | B7: JUL
A8: 8 | B8: AUG
A9: 9 | B9: SEP
A10: 10 | B10: OCT
A11: 11 | B11: NOV
A12: 12 | B12: DEC

Sheet Tullet
A1: NWE/SGP FUEL SWAPS - CLOSING NUMBERS | H1: Oct | I1: 67.48 | S1: 45895
A2: 3.5% Barges | F2: 1% Cargo | L2: 0.5% Rott/1% Cargo | N2: 0.5% Rott Marine Fuel | S2: FOGO
B3: Flat Price | C3: Spreads | D3: Crack | F3: Hi-Lo | G3: Flat Price | H3: Spreads | I3: Crack | L3: Lo5 | M3: Rolls | O3: High5 | P3: Flat Price | Q3: Spreads | R3: Crack | S3: Euro FOGO
A4: 45870 | B4: 386.75 | C4: 3.5 | D4: -6.4357382 | E4: 45870 | F4: 30.75 | G4: 417.5 | H4: 5.25 | I4: -1.5932185 | K4: 45870 | L4: 35.46492 | M4: -4.75 | N4: 45870 | O4: 66.21492 | P4: 452.96492 | Q4: 0.5 | R4: 3.9918083 | S4: -221.78508
A5: 45901 | B5: 383.25 | C5: 3.75 | D5: -6.55 | E5: 45901 | F5: 29 | G5: 412.25 | H5: 6.75 | I5: -1.9830709 | K5: 45901 | L5: 40.21492 | M5: -2.25 | N5: 45901 | O5: 69.21492 | P5: 452.46492 | Q5: 4.5 | R5: 4.35 | S5: -219.50099
A6: 45931 | B6: 379.5 | C6: 4.25 | D6: -6.6938292 | E6: 45931 | F6: 26 | G6: 405.5 | H6: 5.75 | I6: -2.599341 | K6: 45931 | L6: 42.46492 | M6: -2 | N6: 45931 | O6: 68.46492 | P6: 447.96492 | Q6: 3.75 | R6: 4.0880481 | S6: -215.19269
A7: 45962 | B7: 375.25 | C7: 3.5 | D7: -7.0820118 | E7: 45962 | F7: 24.5 | G7: 399.75 | H7: 4.75 | I7: -3.2237441 | K7: 45962 | L7: 44.46492 | M7: -2 | N7: 45962 | O7: 68.96492 | P7: 444.21492 | Q7: 2.75 | R7: 3.7786056 | S7: -207.90383
A8: 45992 | B8: 371.75 | C8: 1.75 | D8: -7.4647364 | E8: 45992 | F8: 23.25 | G8: 395 | H8: 2.75 | I8: -3.8033191 | K8: 45992 | L8: 46.46492 | M8: -0.75 | N8: 45992 | O8: 69.71492 | P8: 441.46492 | Q8: 2 | R8: 3.5139912 | S8: -203.55682
A9: 46023 | B9: 370 | C9: 1.25 | D9: -7.6650107 | E9: 46023 | F9: 22.25 | G9: 392.25 | H9: 1.25 | I9: -4.1610737 | K9: 46023 | L9: 47.21492 | M9: 0.25 | N9: 46023 | O9: 69.46492 | P9: 439.46492 | Q9: 1.5 | R9: 3.2743468 | S9: -204.03508
A10: 46054 | B10: 368.75 | C10: 0 | D10: -7.8121339 | E10: 46054 | F10: 22.25 | G10: 391 | H10: 1.25 | I10: -4.3081969 | K10: 46054 | L10: 46.96492 | M10: 0.25 | N10: 46054 | O10: 69.21492 | P10: 437.96492 | Q10: 1.5 | R10: 3.0878536 | S10: -202.41008
A11: 46082 | B11: 368.75 | C11: 0 | D11: -7.7720884 | E11: 46082 | F11: 21 | G11: 389.75 | H11: 1.25 | I11: -4.4650018 | K11: 46082 | L11: 46.71492 | M11: 0 | N11: 46082 | O11: 67.71492 | P11: 436.46492 | Q11: 1.25 | R11: 2.8916786 | S11: -199.78508
A12: 46113 | B12: 368.75 | C12: 0.5 | D12: -7.7266339 | E12: 46113 | F12: 19.75 | G12: 388.5 | H12: 1.25 | I12: -4.6163976 | K12: 46113 | L12: 46.71492 | M12: 0.25 | N12: 46113 | O12: 66.46492 | P12: 435.21492 | Q12: 1.5 | R12: 2.7402827 | S12: -195.16008
A13: 46143 | B13: 368.25 | C13: 0.75 | D13: -7.750255 | E13: 46143 | F13: 19 | G13: 387.25 | H13: 1.25 | I13: -4.758129 | K13: 46143 | L13: 46.46492 | M13: 0.25 | N13: 46143 | O13: 65.46492 | P13: 433.71492 | Q13: 1.5 | R13: 2.5591813 | S13: -194.41008
A14: 46174 | B14: 367.5 | C14: 1 | D14: -7.8139388 | E14: 46174 | F14: 18.5 | G14: 386 | H14: 1.25 | I14: -4.900553 | K14: 46174 | L14: 46.21492 | M14: 0.25 | N14: 46174 | O14: 64.71492 | P14: 432.21492 | Q14: 1.5 | R14: 2.3773873 | S14: -194.03508
A15: 46204 | B15: 366.5 | C15: 3 | D15: -7.9273776 | E15: 46204 | F15: 18.25 | G15: 384.75 | H15: 1.75 | I15: -5.0533619 | K15: 46204 | L15: 45.96492 | M15: 0 | N15: 46204 | O15: 64.21492 | P15: 430.71492 | Q15: 1.75 | R15: 2.1852083 | S15: -194.91008
... A22: 46419 | B22: 353.5 | C22: -1.25 | D22: -9.9437087 | E22: 46419 | F22: 22 | G22: 375.5 | H22: -0.25 | I22: -6.4791417 | K22: 46419 | L22: 45.71492 | M22: 0.75 | N22: 46419 | O22: 67.71492 | P22: 421.21492 | Q22: 0.5 | R22: 0.72005834 | S22: -202.28508
A23: 46447 | B23: 354.75 | D23: -9.806467 | E23: 46447 | F23: 21 | G23: 375.75 | I23: -6.4993803 | K23: 46447 | L23: 44.96492 | N23: 46447 | O23: 65.96492 | P23: 420.71492 | R23: 0.58170949 | S23: -202.91008
A25: Q425 | B25: 375.5 | C25: 6.3333333 | D25: -7.0801925 | E25: Q425 | F25: 24.583333 | G25: 400.08333 | H25: 9.0833333 | I25: -3.2088014 | K25: Q425 | L25: 44.46492 | M25: -2.5 | N25: Q425 | O25: 69.048254 | P25: 444.54825 | Q25: 6.5833333 | R25: 3.7935483 | S25: -208.88445
A26: Q126 | B26: 369.16667 | C26: 1 | D26: -7.7497443 | E26: Q126 | F26: 21.833333 | G26: 391 | H26: 3.75 | I26: -4.3114241 | K26: Q126 | L26: 46.96492 | M26: 0.5 | N26: Q126 | O26: 68.798254 | P26: 437.96492 | Q26: 4.25 | R26: 3.0846263 | S26: -202.07675
A27: Q226 | B27: 368.16667 | C27: 5 | D27: -7.7636092 | E27: Q226 | F27: 19.083333 | G27: 387.25 | H27: 4.25 | I27: -4.7583599 | K27: Q226 | L27: 46.46492 | M27: 0.5 | N27: Q226 | O27: 65.548254 | P27: 433.71492 | Q27: 4.75 | R27: 2.5589504 | S27: -194.53508
A28: Q326 | B28: 363.16667 | C28: 10.333333 | D28: -8.4384226 | E28: Q326 | F28: 19.833333 | G28: 383 | H28: 6.25 | I28: -5.3150631 | K28: Q326 | L28: 45.96492 | M28: -1.5 | N28: Q326 | O28: 65.798254 | P28: 428.96492 | Q28: 4.75 | R28: 1.9235071 | S28: -196.61841
A29: Q426 | B29: 352.83333 | C29: -0.66666667 | D29: -10.043537 | E29: Q426 | F29: 23.916667 | G29: 376.75 | H29: 1.25 | I29: -6.2771323 | K29: Q426 | L29: 47.46492 | M29: 1.75 | N29: Q426 | O29: 71.381587 | P29: 424.21492 | Q29: 3 | R29: 1.1976583 | S29: -201.07675
A30: Q127 | B30: 353.5 | D30: -9.9578163 | E30: Q127 | F30: 22 | G30: 375.5 | I30: -6.4932494 | K30: Q127 | L30: 45.71492 | N30: Q127 | O30: 67.71492 | P30: 421.21492 | R30: 0.70595068 | S30: -202.20175
A31: 2026 | B31: 363.33333 | D31: -8.4988282 | E31: 2026 | F31: 21.166667 | G31: 384.5 | I31: -5.1654948 | K31: 2026 | L31: 46.71492 | N31: 2026 | O31: 67.881587 | P31: 431.21492 | R31: 2.1911855 | S31: -198.57675
A32: 3.5% FOB MED/FOB BRG | E32: 3.5% CIF MED/FOB MED | H32: 1% CIF MED/FOB MED | K32: 1% FOB MED/FOB NWE | N32: 1% CIF NWE/FOB NWE | Q32: 0.5% FOB MED/FOB BRG
B33: Diff | C33: 3.5% Fob Med | F33: Diff | G33: 3.5% Cif Med | I33: Diff | J33: 1% Cif Med | L33: Diff | M33: 1% Fob Med | O33: Diff | P33: 1% Cif NWE | R33: Diff | S33: 0.5% Fob Med
A34: 45870 | B34: -4 | C34: 382.75 | E34: 45870 | F34: 17.25 | G34: 400 | H34: 45870 | I34: 17.5 | J34: 447 | K34: 45870 | L34: 12 | M34: 429.5 | N34: 45870 | O34: 18 | P34: 435.5 | Q34: 45870 | R34: 0 | S34: 452.96492
A35: 45901 | B35: -8.5 | C35: 374.75 | E35: 45901 | F35: 17.25 | G35: 392 | H35: 45901 | I35: 17.5 | J35: 442 | K35: 45901 | L35: 12.25 | M35: 424.5 | N35: 45901 | O35: 18.75 | P35: 431 | Q35: 45901 | R35: 0 | S35: 452.46492
A36: 45931 | B36: -7.75 | C36: 371.75 | E36: 45931 | F36: 18 | G36: 389.75 | H36: 45931 | I36: 18.25 | J36: 437 | K36: 45931 | L36: 13.25 | M36: 418.75 | N36: 45931 | O36: 19.75 | P36: 425.25 | Q36: 45931 | R36: 0 | S36: 447.96492
A37: 45962 | B37: -7.75 | C37: 367.5 | E37: 45962 | F37: 18.5 | G37: 386 | H37: 45962 | I37: 18.75 | J37: 432.25 | K37: 45962 | L37: 13.75 | M37: 413.5 | N37: 45962 | O37: 20.5 | P37: 420.25 | Q37: 45962 | R37: 0 | S37: 444.21492
A38: 45992 | B38: -8.25 | C38: 363.5 | E38: 45992 | F38: 19.75 | G38: 383.25 | H38: 45992 | I38: 20 | J38: 429 | K38: 45992 | L38: 14 | M38: 409 | N38: 45992 | O38: 20.75 | P38: 415.75 | Q38: 45992 | R38: 1 | S38: 442.46492
A39: 46023 | B39: -6.5 | C39: 363.5 | E39: 46023 | F39: 19.25 | G39: 382.75 | H39: 46023 | I39: 19.5 | J39: 426.25 | K39: 46023 | L39: 14.5 | M39: 406.75 | N39: 46023 | O39: 20.75 | P39: 413 | Q39: 46023 | R39: 1 | S39: 440.46492
A40: 46054 | B40: -6.5 | C40: 362.25 | E40: 46054 | F40: 19 | G40: 381.25 | H40: 46054 | I40: 19.25 | J40: 424.75 | K40: 46054 | L40: 14.5 | M40: 405.5 | N40: 46054 | O40: 20.75 | P40: 411.75 | Q40: 46054 | R40: 1 | S40: 438.96492
A41: 46082 | B41: -6.5 | C41: 362.25 | E41: 46082 | F41: 18.75 | G41: 381 | H41: 46082 | I41: 19 | J41: 423 | K41: 46082 | L41: 14.25 | M41: 404 | N41: 46082 | O41: 20 | P41: 409.75 | Q41: 46082 | R41: 1 | S41: 437.46492
A42: 46113 | B42: -5.5 | C42: 363.25 | E42: 46113 | F42: 18.25 | G42: 381.5 | H42: 46113 | I42: 18.5 | J42: 421.25 | K42: 46113 | L42: 14.25 | M42: 402.75 | N42: 46113 | O42: 20 | P42: 408.5 | Q42: 46113 | R42: 1.25 | S42: 436.46492
A43: 46143 | B43: -5.5 | C43: 362.75 | E43: 46143 | F43: 18 | G43: 380.75 | H43: 46143 | I43: 18.25 | J43: 419.75 | K43: 46143 | L43: 14.25 | M43: 401.5 | N43: 46143 | O43: 20 | P43: 407.25 | Q43: 46143 | R43: 1.25 | S43: 434.96492
A44: 46174 | B44: -5.5 | C44: 362 | E44: 46174 | F44: 17.75 | G44: 379.75 | H44: 46174 | I44: 18 | J44: 418.25 | K44: 46174 | L44: 14.25 | M44: 400.25 | N44: 46174 | O44: 20 | P44: 406 | Q44: 46174 | R44: 1.25 | S44: 433.46492
A45: 46204 | B45: -5.5 | C45: 361 | E45: 46204 | F45: 17.25 | G45: 378.25 | H45: 46204 | I45: 17.5 | J45: 416.25 | K45: 46204 | L45: 14 | M45: 398.75 | N45: 46204 | O45: 20.25 | P45: 405 | Q45: 46204 | R45: 1.25 | S45: 431.96492
... A50: 46357 | B50: -6.5 | C50: 344.25 | E50: 46357 | F50: 19.5 | G50: 363.75 | H50: 46357 | I50: 19.75 | J50: 409.25 | K50: 46357 | L50: 14.5 | M50: 389.5 | N50: 46357 | O50: 21.5 | P50: 396.5 | Q50: 46357 | R50: 1.5 | S50: 424.21492
